order_id,tanggal,id_pelanggan,kota,kategori,harga,jumlah,metode_bayar,rating,ongkir
TG-100197,13/07/2026,CUST-0163,Surabaya,Fashion,139500,1,E-Wallet,4.0,18000
TG-100058,2026-07-04,CUST-0393,Surabaya,Fashion,201500,1,Transfer Bank,4.0,18000
TG-100668,20/08/2026,CUST-0145,Makassar,Elektronik,809500,1,E-Wallet,4.0,12000
TG-100129,2026-07-09,CUST-0107,Bandung,Fashion,Rp 79.500,1,E-Wallet,4.0,18000
TG-100389,2026-07-29,CUST-0426,makassar,Rumah Tangga,271000,2,Kartu Kredit,5.0,22000
TG-100614,2026-08-15,CUST-0170,Bandung,Fashion,146000,1,Transfer Bank,4.0,18000
TG-100821,2026-09-02,CUST-0451,Jakarta,Makanan,94500,3,kartu kredit,4.0,9000
TG-101042,2026-09-18,CUST-0324,Jakarta,Makanan,34000,2,COD,5.0,9000
TG-100793,2026-08-30,CUST-0237,Bandung,Rumah Tangga,79000,1,Transfer Bank,5.0,22000
TG-100853,2026-09-04,CUST-0302,,Makanan,78500,3,COD,5.0,22000
TG-101037,2026-09-18,CUST-0044,Makassar,Fashion,69500,1,E-Wallet,5.0,12000
TG-101152,2026-09-26,CUST-0027,Makassar,Elektronik,1334500,1,COD,4.0,18000
TG-100443,2026-08-02,CUST-0401,jkt,Rumah Tangga,90000,3,,,9000
TG-100561,12/08/2026,CUST-0536,Surabaya,Kecantikan,68000,1,Kartu Kredit,5.0,15000
TG-100394,2026-07-29,CUST-0448,Jakarta,Kecantikan,143500,4,E-Wallet,5.0,9000
TG-100637,2026-08-17,CUST-0381,Medan,Kecantikan,162000,2,COD,4.0,15000
TG-100007,2026-07-01,CUST-0262,Surabaya,Elektronik,948000,1,Transfer Bank,4.0,22000
TG-100735,25/08/2026,CUST-0383,Bandung,Elektronik,1333000,2,e-wallet,4.0,22000
TG-100216,2026-07-15,CUST-0122,Jakarta,Fashion,2620000,1,COD,4.0,9000
TG-100587,2026-08-13,CUST-0531,Jakarta,Fashion,78500,2,Kartu Kredit,4.0,9000
TG-101023,2026-09-17,CUST-0062,Medan,Fashion,Rp 107.000,2,E-Wallet,5.0,22000
TG-100272,2026-07-19,CUST-0261,medan ,Rumah Tangga,115000,1,COD,3.0,18000
TG-100227,2026-07-15,CUST-0235,Makassar,Kecantikan,120000,2,E-Wallet,3.0,15000
TG-100267,2026-07-19,CUST-0433,Makassar,Kecantikan,134000,1,E-Wallet,5.0,18000
TG-100923,2026-09-10,CUST-0231,Jakarta,Fashion,177500,2,COD,5.0,9000
TG-100511,2026-08-08,CUST-0141,Jakarta,Kecantikan,75500,1,COD,4.0,9000
TG-100470,2026-08-05,CUST-0230,Bandung,Elektronik,1361500,2,Transfer Bank,3.0,15000
TG-101121,24/09/2026,CUST-0255,Jakarta,Kecantikan,69000,1,Kartu Kredit,5.0,9000
TG-100162,2026-07-11,CUST-0438,Jakarta,Fashion,239000,1,COD,4.0,9000
TG-100989,2026-09-15,CUST-0162,Surabaya,Fashion,68000,5,E-Wallet,5.0,12000
TG-100245,2026-07-16,CUST-0206,Medan,Rumah Tangga,79000,2,COD,2.0,15000
TG-100019,2026-07-02,CUST-0192,Jakarta,Fashion,57000,2,CC,5.0,9000
TG-100879,2026-09-06,CUST-0007,Surabaya,Fashion,124000,1,Transfer Bank,5.0,18000
TG-100011,2026-07-01,CUST-0099,Jakarta,Kecantikan,158000,1,E-Wallet,5.0,9000
TG-100314,23/07/2026,CUST-0018,Jakarta,Kecantikan,107500,1,COD,4.0,9000
TG-100667,19/08/2026,CUST-0481,Jakarta,Kecantikan,142000,2,Kartu Kredit,3.0,9000
TG-101062,19/09/2026,CUST-0414,MAKASSAR,Elektronik,1088000,1,E-Wallet,,12000
TG-100032,2026-07-02,CUST-0176,Jakarta,Kecantikan,75500,5,E-Wallet,4.0,9000
TG-100053,2026-07-04,CUST-0047,Jakarta,Kecantikan,108500,1,E-Wallet,,9000
TG-100341,2026-07-25,CUST-0490,Bandung,Rumah Tangga,Rp 92.500,1,,5.0,15000
TG-100804,2026-08-31,CUST-0446,Bandung,Fashion,126500,1,COD,3.0,18000
TG-101084,2026-09-22,CUST-0320,Makassar,Kecantikan,184500,5,E-Wallet,5.0,12000
TG-100572,2026-08-12,CUST-0314,Jakarta,Fashion,220500,4,Transfer Bank,5.0,9000
TG-101114,24/09/2026,CUST-0161,Makassar,Makanan,91500,1,,3.0,15000
TG-100696,22/08/2026,CUST-0072,Medan,Fashion,96000,1,COD,3.0,22000
TG-100001,2026-07-01,CUST-0280,SURABAYA,Fashion,587000,1,COD,5.0,12000
TG-100420,01/08/2026,CUST-0106,Makassar,Elektronik,1148000,1,Transfer Bank,4.0,18000
TG-100651,2026-08-18,CUST-0207,Surabaya,Makanan,43500,5,E-Wallet,4.0,15000
TG-100972,2026-09-13,CUST-0521,jkt,Fashion,391000,1,COD,4.0,9000
TG-100189,2026-07-13,CUST-0510,Makassar,Rumah Tangga,107500,2,kartu kredit,4.0,22000
TG-100553,2026-08-11,CUST-0033,Surabaya,Kecantikan,91500,1,Kartu Kredit,4.0,22000
TG-100237,2026-07-16,CUST-0275,Makassar,Kecantikan,102500,1,COD,4.0,15000
TG-100707,2026-08-22,CUST-0308,Jakarta ,Kecantikan,93500,2,E-Wallet,4.0,9000
TG-100906,2026-09-08,CUST-0045,Surabaya,Rumah Tangga,102500,1,E-Wallet,4.0,18000
TG-100072,2026-07-05,CUST-0165,Jakarta,Fashion,164000,1,E-Wallet,3.0,9000
TG-100075,2026-07-05,CUST-0353,Makassar,Kecantikan,110500,5,COD,3.0,22000
TG-100239,2026-07-16,CUST-0196,Makassar,Fashion,64000,1,E-Wallet,5.0,22000
TG-100057,2026-07-04,CUST-0017,Makassar,Fashion,225500,1,COD,5.0,15000
TG-100737,25/08/2026,CUST-0368,medan ,Rumah Tangga,Rp 131.500,3,Transfer Bank,5.0,12000
TG-100094,06/07/2026,CUST-0139,Makassar,Rumah Tangga,143500,1,E-Wallet,4.0,18000
TG-100566,2026-08-12,CUST-0134,Jakarta,Fashion,121500,1,COD,3.0,9000
TG-101113,2026-09-24,CUST-0437,Jakarta,Makanan,67000,1,Transfer Bank,4.0,9000
TG-100004,2026-07-01,CUST-0055,Bandung,Fashion,256000,3,COD,3.0,18000
TG-100536,2026-08-10,CUST-0292,jkt,Elektronik,905000,1,COD,5.0,9000
TG-100836,2026-09-03,CUST-0034,Medan,Kecantikan,Rp 112.500,3,E-Wallet,3.0,22000
TG-101040,2026-09-18,CUST-0057,Surabaya,Fashion,59000,1,E-Wallet,4.0,22000
TG-101018,2026-09-16,CUST-0469,JAKARTA,Elektronik,Rp 539.500,1,E-Wallet,3.0,9000
TG-100629,2026-08-16,CUST-0253,Makassar,Fashion,71500,1,Kartu Kredit,3.0,22000
TG-100521,2026-08-09,CUST-0101,MAKASSAR,Kecantikan,114500,2,ewallet,3.0,18000
TG-100757,2026-08-27,CUST-0029,Jakarta,Rumah Tangga,243500,3,COD,4.0,9000
TG-100918,2026-09-09,CUST-0114,Bandung,Makanan,64000,2,E-Wallet,5.0,15000
TG-100110,2026-07-07,CUST-0128,Bandung,Rumah Tangga,123500,1,COD,4.0,22000
TG-100759,2026-08-27,CUST-0205,Jakarta,Makanan,44000,1,E-Wallet,5.0,9000
TG-100134,09/07/2026,CUST-0419,Jakarta,Kecantikan,141000,3,E-Wallet,5.0,9000
TG-100728,2026-08-25,CUST-0510,Makassar,Fashion,Rp 148.000,3,E-Wallet,3.0,12000
TG-100159,2026-07-11,CUST-0405,Makassar,Kecantikan,69500,1,Transfer Bank,4.0,15000
TG-100887,2026-09-07,CUST-0054,Surabaya,Kecantikan,281000,3,E-Wallet,5.0,15000
TG-100837,2026-09-03,CUST-0224,Surabaya,Rumah Tangga,107500,3,Transfer Bank,5.0,15000
TG-100309,2026-07-23,CUST-0367,Surabaya,Kecantikan,74000,2,E-Wallet,5.0,15000
TG-100594,2026-08-14,CUST-0162,Jakarta ,Makanan,54000,1,COD,4.0,9000
TG-100676,20/08/2026,CUST-0495,Bandung,Rumah Tangga,105500,5,E-Wallet,4.0,15000
TG-100772,2026-08-28,CUST-0488,Makassar,Kecantikan,92500,1,E-Wallet,5.0,15000
TG-100666,19/08/2026,CUST-0519,Bandung,Fashion,101000,3,COD,5.0,15000
TG-100417,2026-07-31,CUST-0137,Bandung,Rumah Tangga,283000,2,E-Wallet,4.0,15000
TG-101159,2026-09-27,CUST-0278,jkt,Rumah Tangga,134000,1,E-WALLET,4.0,9000
TG-100592,2026-08-14,CUST-0054,Jakarta,Makanan,61500,1,Transfer Bank,4.0,9000
TG-100979,14/09/2026,CUST-0416,Surabaya,Kecantikan,90000,2,E-Wallet,2.0,22000
TG-100864,05/09/2026,CUST-0242,Bandung,Fashion,65500,2,Transfer Bank,4.0,18000
TG-100054,2026-07-04,CUST-0028,Surabaya,Fashion,127000,1,COD,4.0,22000
TG-101057,2026-09-19,CUST-0022,Makassar,Makanan,56000,3,transfer,4.0,22000
TG-100250,2026-07-17,CUST-0518,Medan,Fashion,Rp 166.000,5,Kartu Kredit,4.0,15000
TG-101030,17/09/2026,CUST-0271,Surabaya,Rumah Tangga,152500,1,Transfer Bank,5.0,15000
TG-100391,2026-07-29,CUST-0446,Jakarta,Makanan,85500,2,cod,3.0,9000
TG-101164,2026-09-27,CUST-0115,MEDAN,Kecantikan,Rp 52.000,2,E-Wallet,4.0,22000
TG-100350,26/07/2026,CUST-0291,Jakarta,Kecantikan,Rp 80.000,1,Transfer Bank,4.0,9000
TG-100895,2026-09-08,CUST-0183,Medan,Fashion,139000,3,E-Wallet,,22000
TG-100823,02/09/2026,CUST-0341,Jakarta,Kecantikan,58000,2,COD,4.0,9000
TG-100678,2026-08-20,CUST-0322,Makassar,Rumah Tangga,60000,4,E-Wallet,4.0,22000
TG-100946,2026-09-11,CUST-0292,Makassar,Rumah Tangga,99500,1,Kartu Kredit,4.0,12000
TG-100883,2026-09-07,CUST-0011,Medan,Kecantikan,126000,2,Transfer Bank,4.0,15000
TG-100951,2026-09-12,CUST-0277,Jakarta,Fashion,139500,5,Transfer Bank,4.0,9000
TG-100369,2026-07-27,CUST-0109,Jakarta,Kecantikan,110500,1,E-Wallet,4.0,9000
TG-101173,28/09/2026,CUST-0111,Bandung,Fashion,126500,2,E-Wallet,4.0,15000
TG-100865,2026-09-05,CUST-0036,Makassar,Fashion,155000,1,E-Wallet,5.0,22000
TG-101187,2026-09-29,CUST-0450,Makassar,Kecantikan,130000,2,COD,3.0,15000
TG-100966,2026-09-13,CUST-0086,Surabaya,Fashion,226500,2,COD,3.0,12000
TG-100665,19/08/2026,CUST-0521,JAKARTA,Fashion,77500,1,Transfer Bank,4.0,9000
TG-100888,07/09/2026,CUST-0377,Surabaya,Rumah Tangga,31000,2,E-Wallet,5.0,12000
TG-100495,2026-08-07,CUST-0471,Bandung,Kecantikan,89000,4,E-Wallet,4.0,12000
TG-101017,2026-09-16,CUST-0291,Makassar,Fashion,89500,1,Kartu Kredit,4.0,18000
TG-101021,2026-09-17,CUST-0372,Makassar,Kecantikan,95000,3,E-Wallet,4.0,18000
TG-100335,24/07/2026,CUST-0470,Makassar,Rumah Tangga,257000,2,TRANSFER BANK,4.0,15000
TG-100984,2026-09-14,CUST-0397,Jakarta,Kecantikan,74500,3,Cod,4.0,9000
TG-100086,2026-07-06,CUST-0299,Surabaya,Fashion,235500,5,Kartu Kredit,4.0,12000
TG-100789,2026-08-30,CUST-0292,Makassar,Elektronik,916000,1,COD,4.0,15000
TG-100241,16/07/2026,CUST-0092,Jakarta,Makanan,50500,2,E-Wallet,4.0,9000
TG-100439,02/08/2026,CUST-0160,Surabaya,Rumah Tangga,99500,1,E-Wallet,3.0,15000
TG-100700,2026-08-22,CUST-0483,Bandung,Makanan,64000,1,E-Wallet,5.0,15000
TG-100279,19/07/2026,CUST-0494,Makassar,Elektronik,444500,2,E-Wallet,3.0,22000
TG-100526,2026-08-09,CUST-0393,Jakarta,Rumah Tangga,29000,2,Transfer Bank,4.0,9000
TG-100754,2026-08-27,CUST-0203,Medan,Fashion,157000,2,E-Wallet,4.0,18000
TG-101081,2026-09-21,CUST-0282,Makassar,Fashion,116500,1,E-Wallet,3.0,15000
TG-100620,2026-08-15,CUST-0402,Makassar,Fashion,174000,1,COD,3.0,15000
TG-100302,2026-07-22,CUST-0290,MEDAN,Kecantikan,165000,1,E-Wallet,,15000
TG-100388,2026-07-29,CUST-0462,Medan,Elektronik,837000,1,transfer,5.0,22000
TG-100643,2026-08-18,CUST-0534,sby,Fashion,Rp 111.500,1,Transfer Bank,5.0,18000
TG-100729,25/08/2026,CUST-0385,Makassar,Makanan,58000,1,COD,5.0,18000
TG-100597,14/08/2026,CUST-0412,Makassar,Elektronik,2522500,1,Transfer Bank,3.0,12000
TG-100593,2026-08-14,CUST-0071,Medan,Kecantikan,62500,3,E-Wallet,5.0,12000
TG-100682,2026-08-21,CUST-0219,Makassar,Elektronik,4390500,1,,5.0,12000
TG-100379,2026-07-28,CUST-0128,Makassar,Rumah Tangga,150500,2,Transfer Bank,4.0,15000
TG-100220,2026-07-15,CUST-0299,Jakarta,Fashion,63000,2,E-Wallet,,9000
TG-100291,2026-07-21,CUST-0015,Jakarta ,Rumah Tangga,Rp 215.500,2,E-Wallet,4.0,9000
TG-100613,2026-08-15,CUST-0147,Jakarta,Kecantikan,70000,1,Transfer Bank,5.0,9000
TG-100273,2026-07-19,CUST-0271,Makassar,Rumah Tangga,53000,1,Transfer Bank,3.0,15000
TG-100218,2026-07-15,CUST-0280,Bandung,Makanan,44000,3,E-Wallet,4.0,15000
TG-100635,2026-08-17,CUST-0155,,Rumah Tangga,286000,3,E-Wallet,5.0,18000
TG-100295,2026-07-21,CUST-0079,Bandung,Kecantikan,130500,5,Transfer Bank,4.0,18000
TG-100917,2026-09-09,CUST-0463,Makassar,Fashion,124500,4,E-Wallet,4.0,18000
TG-100662,19/08/2026,CUST-0283,Jakarta,Kecantikan,56000,2,ewallet,5.0,9000
TG-100588,13/08/2026,CUST-0037,Jakarta,Makanan,87000,2,Transfer Bank,4.0,9000
TG-100452,03/08/2026,CUST-0515,Medan,Fashion,127000,1,E-Wallet,4.0,18000
TG-100459,2026-08-03,CUST-0232,Jakarta,Kecantikan,78000,1,E-Wallet,5.0,9000
TG-100225,2026-07-15,CUST-0476,Makassar,Makanan,63500,1,,3.0,22000
TG-100375,27/07/2026,CUST-0432,Jakarta,Kecantikan,62500,3,COD,5.0,9000
TG-100645,2026-08-18,CUST-0378,Medan,Rumah Tangga,157000,3,E-Wallet,4.0,18000
TG-100600,2026-08-14,CUST-0205,Medan,Fashion,84000,2,E-Wallet,4.0,15000
TG-100090,2026-07-06,CUST-0387,Surabaya,Fashion,128500,3,E-Wallet,3.0,18000
TG-100599,2026-08-14,CUST-0261,Jakarta,Makanan,45000,2,kartu kredit,5.0,9000
TG-100339,2026-07-25,CUST-0286,Makassar,Fashion,86500,2,E-Wallet,3.0,12000
TG-100663,2026-08-19,CUST-0312,bdg,Kecantikan,160500,2,COD,4.0,22000
TG-100088,2026-07-06,CUST-0067,Medan,Fashion,172000,1,E-Wallet,4.0,22000
TG-100185,2026-07-13,CUST-0454,,Fashion,209000,2,,5.0,12000
TG-101117,2026-09-24,CUST-0039,Surabaya,Elektronik,790000,2,E-Wallet,5.0,15000
TG-100644,2026-08-18,CUST-0012,Makassar,Kecantikan,80500,2,Transfer Bank,4.0,12000
TG-100925,10/09/2026,CUST-0358,Jakarta,Fashion,250000,4,COD,4.0,9000
TG-100091,2026-07-06,CUST-0031,Jakarta,Rumah Tangga,Rp 191.500,1,Transfer Bank,4.0,9000
TG-100970,2026-09-13,CUST-0185,Jakarta,Elektronik,552500,1,Kartu Kredit,4.0,9000
TG-100437,2026-08-02,CUST-0018,Makassar,Elektronik,771000,1,COD,4.0,18000
TG-100013,2026-07-01,CUST-0184,Jakarta,Fashion,104500,5,E-Wallet,4.0,9000
TG-100794,2026-08-31,CUST-0285,Surabaya,Fashion,132500,2,COD,3.0,15000
TG-100976,14/09/2026,CUST-0133,Medan,Elektronik,281000,1,Transfer Bank,3.0,18000
TG-100545,2026-08-10,CUST-0015,Jakarta,Fashion,239000,1,COD,4.0,9000
TG-100817,2026-09-01,CUST-0465,Jakarta,Fashion,Rp 101.500,1,E-Wallet,3.0,9000
TG-100786,2026-08-30,CUST-0059,surabaya,Kecantikan,45500,4,Kartu Kredit,3.0,18000
TG-101086,2026-09-22,CUST-0211,surabaya,Rumah Tangga,302500,2,Kartu Kredit,5.0,22000
TG-100458,2026-08-03,CUST-0482,Bandung,Rumah Tangga,75000,3,E-Wallet,4.0,15000
TG-100806,01/09/2026,CUST-0327,Jakarta,Rumah Tangga,69000,1,COD,5.0,9000
TG-101145,2026-09-26,CUST-0240,Makassar,Elektronik,1090500,1,E-Wallet,4.0,15000
TG-100935,2026-09-10,CUST-0118,Medan,Rumah Tangga,103000,4,Transfer Bank,3.0,18000
TG-100849,2026-09-04,CUST-0341,Jakarta,Kecantikan,110000,2,E-Wallet,5.0,9000
TG-100421,2026-08-01,CUST-0395,Surabaya,Kecantikan,46000,2,Transfer Bank,4.0,12000
TG-100980,2026-09-14,CUST-0157,Jakarta,Kecantikan,Rp 48.000,3,Transfer Bank,3.0,9000
TG-100190,2026-07-13,CUST-0246,Makassar,Kecantikan,67000,5,E-Wallet,,22000
TG-100859,05/09/2026,CUST-0038,Surabaya,Elektronik,1306000,1,TRANSFER BANK,4.0,18000
TG-100790,2026-08-30,CUST-0199,Makassar,Kecantikan,140500,1,Transfer Bank,3.0,15000
TG-100907,08/09/2026,CUST-0142,Surabaya,Kecantikan,106500,4,E-Wallet,5.0,12000
TG-100720,2026-08-24,CUST-0464,Jakarta,Fashion,Rp 62.500,1,COD,3.0,9000
TG-101150,26/09/2026,CUST-0266,Makassar,Fashion,100000,3,E-Wallet,3.0,12000
TG-101176,2026-09-29,CUST-0028,Bandung,Makanan,58000,3,E-Wallet,4.0,18000
TG-100649,2026-08-18,CUST-0290,Jakarta,Kecantikan,109500,5,Transfer Bank,5.0,9000
TG-100447,03/08/2026,CUST-0439,Surabaya,Fashion,306500,1,E-Wallet,3.0,15000
TG-100852,2026-09-04,CUST-0248,,Fashion,187500,1,CC,3.0,18000
TG-100671,2026-08-20,CUST-0384,surabaya,Kecantikan,72000,1,E-Wallet,5.0,15000
TG-100560,2026-08-11,CUST-0535,Makassar ,Fashion,251500,2,COD,4.0,18000
TG-100898,08/09/2026,CUST-0296,Makassar,Makanan,68500,3,E-Wallet,5.0,12000
TG-100866,2026-09-05,CUST-0002,BANDUNG,Fashion,Rp 116.000,1,E-Wallet,4.0,18000
TG-100957,12/09/2026,CUST-0257,Jakarta,Fashion,312000,1,Transfer Bank,,9000
TG-100873,2026-09-06,CUST-0418,Surabaya,Fashion,Rp 178.500,3,E-Wallet,4.0,12000
TG-100595,2026-08-14,CUST-0508,Jakarta,Fashion,257000,3,Kartu Kredit,4.0,9000
TG-100138,2026-07-09,CUST-0061,Jakarta,Makanan,65000,2,Transfer Bank,4.0,9000
TG-100574,2026-08-12,CUST-0133,medan ,Elektronik,339500,1,Transfer Bank,4.0,18000
TG-101009,2026-09-16,CUST-0077,Surabaya,Fashion,Rp 171.500,5,COD,5.0,15000
TG-100095,2026-07-06,CUST-0350,Medan,Elektronik,557000,1,E-Wallet,5.0,18000
TG-100605,2026-08-14,CUST-0023,bandung,Kecantikan,98000,2,Kartu Kredit,3.0,15000
TG-100867,2026-09-05,CUST-0052,Jakarta,Fashion,Rp 209.000,2,E-Wallet,3.0,9000
TG-100326,2026-07-24,CUST-0414,SURABAYA,Elektronik,758000,2,E-Wallet,4.0,22000
TG-101020,2026-09-16,CUST-0040,Surabaya,Fashion,Rp 147.000,1,Transfer Bank,4.0,15000
TG-100454,2026-08-03,CUST-0430,,Kecantikan,165000,2,Kartu Kredit,4.0,12000
TG-100780,2026-08-29,CUST-0377,Makassar,Makanan,54000,2,,3.0,22000
TG-100200,14/07/2026,CUST-0323,Jakarta,Elektronik,918000,1,E-Wallet,4.0,9000
TG-100132,09/07/2026,CUST-0305,Jakarta,Fashion,247500,1,COD,,9000
TG-100289,2026-07-21,CUST-0345,MAKASSAR,Elektronik,528500,1,COD,4.0,18000
TG-101088,2026-09-22,CUST-0513,Surabaya,Fashion,177500,1,Transfer Bank,,12000
TG-100939,2026-09-11,CUST-0299,Makassar,Rumah Tangga,105500,5,E-Wallet,4.0,22000
TG-100695,2026-08-22,CUST-0283,Makassar,Rumah Tangga,103500,1,COD,4.0,22000
TG-100672,2026-08-20,CUST-0018,Bandung,Makanan,21500,1,Transfer Bank,4.0,18000
TG-100894,07/09/2026,CUST-0464,Bandung,Kecantikan,100000,4,ewallet,5.0,18000
TG-101200,2026-09-30,CUST-0036,medan ,Fashion,77000,1,COD,5.0,15000
TG-100792,30/08/2026,CUST-0152,Makassar,Makanan,40000,3,E-Wallet,4.0,12000
TG-100113,2026-07-08,CUST-0186,Makassar,Rumah Tangga,Rp 222.500,2,COD,5.0,15000
TG-100114,08/07/2026,CUST-0459,Jakarta,Makanan,85000,2,E-Wallet,4.0,9000
TG-100650,18/08/2026,CUST-0471,Medan,Kecantikan,116000,2,COD,4.0,18000
TG-100509,2026-08-07,CUST-0413,Bandung,Elektronik,1304500,2,Transfer Bank,5.0,15000
TG-101014,2026-09-16,CUST-0372,Surabaya,Makanan,46000,2,Transfer Bank,4.0,18000
TG-100986,14/09/2026,CUST-0330,Bandung,Elektronik,310500,1,Kartu Kredit,4.0,12000
TG-100202,2026-07-14,CUST-0289,Jakarta,Elektronik,Rp 1.024.500,1,E-Wallet,3.0,9000
TG-100149,10/07/2026,CUST-0379,Bandung,Elektronik,358500,1,COD,4.0,22000
TG-100803,31/08/2026,CUST-0277,Bandung,Makanan,59500,5,Transfer Bank,,12000
TG-100610,15/08/2026,CUST-0207,Surabaya,Rumah Tangga,194500,4,E-Wallet,4.0,15000
TG-100982,2026-09-14,CUST-0037,mks,Fashion,905000,1,E-WALLET,5.0,18000
TG-100515,08/08/2026,CUST-0194,Makassar,Elektronik,646000,1,Transfer Bank,3.0,15000
TG-100199,2026-07-14,CUST-0340,Medan,Fashion,114000,1,Transfer Bank,4.0,18000
TG-101137,2026-09-25,CUST-0243,Jakarta,Kecantikan,78500,1,E-Wallet,5.0,9000
TG-100534,2026-08-10,CUST-0451,Surabaya,Fashion,109000,4,E-Wallet,4.0,22000
TG-100926,2026-09-10,CUST-0385,Makassar,Kecantikan,57500,3,E-Wallet,4.0,18000
TG-101007,2026-09-16,CUST-0004,Jakarta,Fashion,347000,3,E-Wallet,5.0,9000
TG-100192,2026-07-13,CUST-0066,Makassar,Fashion,189500,3,E-Wallet,3.0,18000
TG-100744,2026-08-26,CUST-0387,Jakarta,Rumah Tangga,55000,1,E-Wallet,5.0,9000
TG-100142,10/07/2026,CUST-0439,Makassar,Rumah Tangga,104500,3,E-Wallet,4.0,18000
TG-100089,06/07/2026,CUST-0089,Surabaya,Fashion,167500,1,COD,4.0,22000
TG-100491,2026-08-06,CUST-0100,Surabaya,Kecantikan,67500,5,Transfer Bank,5.0,18000
TG-100544,2026-08-10,CUST-0283,Surabaya,Fashion,Rp 375.000,5,cod,4.0,22000
TG-100915,2026-09-09,CUST-0296,Medan,Rumah Tangga,169000,5,E-Wallet,2.0,12000
TG-101140,2026-09-25,CUST-0272,Makassar,Rumah Tangga,Rp 91.000,4,Transfer Bank,4.0,18000
TG-100278,2026-07-19,CUST-0172,Surabaya,Elektronik,Rp 510.000,2,COD,4.0,18000
TG-100924,10/09/2026,CUST-0345,Surabaya,Makanan,38000,3,E-Wallet,4.0,22000
TG-100890,2026-09-07,CUST-0036,Jakarta,Kecantikan,86000,1,COD,3.0,9000
TG-100686,2026-08-21,CUST-0035,Makassar,Fashion,340500,2,Transfer Bank,4.0,22000
TG-101068,20/09/2026,CUST-0100,Surabaya,Fashion,Rp 63.000,3,Transfer Bank,5.0,18000
TG-100331,24/07/2026,CUST-0112,Bandung,Kecantikan,111500,3,Kartu Kredit,5.0,12000
TG-101192,2026-09-30,CUST-0162,Jakarta,Fashion,66000,3,Kartu Kredit,5.0,9000
TG-100068,2026-07-05,CUST-0075,Surabaya,Kecantikan,112500,2,E-Wallet,4.0,15000
TG-100108,07/07/2026,CUST-0377,,Kecantikan,68000,2,Kartu Kredit,4.0,22000
TG-100882,2026-09-07,CUST-0432,Surabaya,Kecantikan,32000,1,e-wallet,4.0,22000
TG-101139,2026-09-25,CUST-0062,Bandung,Elektronik,336000,2,COD,3.0,22000
TG-100163,2026-07-11,CUST-0206,Surabaya,Elektronik,Rp 1.191.000,1,COD,3.0,15000
TG-100734,2026-08-25,CUST-0359,,Rumah Tangga,79500,1,Transfer Bank,5.0,18000
TG-100548,2026-08-10,CUST-0370,Medan,Kecantikan,42000,5,E-Wallet,5.0,22000
TG-100120,08/07/2026,CUST-0259,Bandung,Rumah Tangga,152000,4,COD,4.0,12000
TG-100952,2026-09-12,CUST-0146,SURABAYA,Elektronik,898000,1,Transfer Bank,2.0,18000
TG-100406,2026-07-30,CUST-0180,Bandung,Rumah Tangga,73000,1,E-WALLET,5.0,22000
TG-100397,2026-07-30,CUST-0151,Surabaya,Rumah Tangga,Rp 71.000,2,,,12000
TG-101028,2026-09-17,CUST-0053,Jakarta,Fashion,Rp 115.500,1,E-Wallet,5.0,9000
TG-100304,2026-07-22,CUST-0225,surabaya,Makanan,55000,3,Transfer Bank,5.0,12000
TG-100276,2026-07-19,CUST-0266,Bandung,Makanan,53000,4,ewallet,5.0,12000
TG-100354,2026-07-26,CUST-0443,Jakarta,Fashion,275500,4,E-Wallet,4.0,9000
TG-100210,2026-07-14,CUST-0341,Surabaya,Elektronik,1436000,1,COD,4.0,18000
TG-100789,2026-08-30,CUST-0292,Makassar,Elektronik,916000,1,COD,4.0,15000
TG-100144,2026-07-10,CUST-0505,Makassar,Fashion,117500,2,E-Wallet,4.0,22000
TG-100475,2026-08-05,CUST-0126,Medan,Fashion,Rp 271.500,1,Transfer Bank,4.0,22000
TG-100562,2026-08-12,CUST-0477,Surabaya,Kecantikan,Rp 89.500,1,E-Wallet,3.0,22000
TG-100796,31/08/2026,CUST-0172,Medan,Elektronik,Rp 1.298.500,1,cod,3.0,15000
TG-100851,2026-09-04,CUST-0516,Surabaya,Makanan,61000,2,Transfer Bank,4.0,18000
TG-100518,08/08/2026,CUST-0274,Makassar,Rumah Tangga,164000,4,Kartu Kredit,5.0,15000
TG-100128,09/07/2026,CUST-0537,Makassar,Fashion,73500,1,E-Wallet,4.0,15000
TG-101107,2026-09-23,CUST-0306,Jakarta,Makanan,112500,1,Transfer Bank,4.0,9000
TG-100618,2026-08-15,CUST-0103,Bandung,Fashion,146000,1,,4.0,18000
TG-100081,05/07/2026,CUST-0425,sby,Fashion,224000,1,E-Wallet,5.0,12000
TG-100119,2026-07-08,CUST-0533,jkt,Kecantikan,70500,2,E-Wallet,3.0,9000
TG-100429,2026-08-01,CUST-0299,Surabaya,Kecantikan,79000,1,COD,4.0,12000
TG-100825,02/09/2026,CUST-0071,Jakarta,Rumah Tangga,34500,3,E-Wallet,5.0,9000
TG-100181,12/07/2026,CUST-0347,Surabaya,Kecantikan,58000,1,E-Wallet,5.0,12000
TG-100846,04/09/2026,CUST-0228,Surabaya,Fashion,81000,1,COD,4.0,15000
TG-100133,2026-07-09,CUST-0269,Makassar,Fashion,179500,4,E-Wallet,3.0,15000
TG-100441,2026-08-02,CUST-0193,Medan,Kecantikan,Rp 156.500,3,E-Wallet,5.0,18000
TG-100743,26/08/2026,CUST-0095,Jakarta,Rumah Tangga,104000,1,E-Wallet,5.0,9000
TG-100748,2026-08-26,CUST-0343,Makassar,Fashion,383000,4,Kartu Kredit,3.0,18000
TG-100776,2026-08-29,CUST-0386,Jakarta,Fashion,80500,4,E-Wallet,5.0,9000
TG-100623,2026-08-16,CUST-0537,makassar,Rumah Tangga,684000,5,Transfer Bank,3.0,22000
TG-100378,2026-07-28,CUST-0156,Surabaya,Rumah Tangga,135000,2,E-Wallet,2.0,12000
TG-100177,2026-07-12,CUST-0165,Bandung,Fashion,192000,4,E-Wallet,5.0,12000
TG-100102,2026-07-07,CUST-0005,Jakarta,Rumah Tangga,332500,2,E-Wallet,4.0,9000
TG-100126,2026-07-09,CUST-0042,Makassar,Elektronik,1107500,1,transfer,5.0,12000
TG-100692,2026-08-21,CUST-0338,Makassar,Rumah Tangga,188500,3,Kartu Kredit,5.0,15000
TG-100705,2026-08-22,CUST-0150,Jakarta,Kecantikan,46000,2,COD,4.0,9000
TG-100428,2026-08-01,CUST-0537,Jakarta,Makanan,Rp 64.000,1,Transfer Bank,4.0,9000
TG-100434,02/08/2026,CUST-0502,Bandung,Kecantikan,77000,2,Kartu Kredit,5.0,22000
TG-100927,10/09/2026,CUST-0403,Jakarta,Elektronik,3298000,1,E-Wallet,3.0,9000
TG-100956,2026-09-12,CUST-0193,Medan,Kecantikan,65500,1,E-Wallet,5.0,22000
TG-100752,2026-08-27,CUST-0249,Surabaya,Fashion,150000,2,COD,3.0,22000
TG-100716,2026-08-24,CUST-0074,,Kecantikan,Rp 227.500,1,E-Wallet,4.0,12000
TG-100517,2026-08-08,CUST-0326,Jakarta,Kecantikan,122500,2,Kartu Kredit,3.0,9000
TG-101155,2026-09-27,CUST-0267,Medan,Kecantikan,Rp 99.000,1,Transfer Bank,,22000
TG-100742,2026-08-26,CUST-0252,JAKARTA,Rumah Tangga,130500,2,Transfer Bank,4.0,9000
TG-101091,2026-09-22,CUST-0159,Makassar,Fashion,160000,1,COD,3.0,12000
TG-100275,19/07/2026,CUST-0387,Makassar,Rumah Tangga,220500,2,E-Wallet,4.0,12000
TG-100483,06/08/2026,CUST-0482,Medan,Fashion,133500,5,E-Wallet,5.0,12000
TG-100761,2026-08-28,CUST-0386,Bandung,Elektronik,482500,1,Transfer Bank,3.0,22000
TG-100715,2026-08-23,CUST-0300,Makassar,Fashion,76500,5,Transfer Bank,4.0,12000
TG-101188,2026-09-29,CUST-0262,Makassar,Kecantikan,Rp 78.000,1,E-Wallet,4.0,15000
TG-100685,2026-08-21,CUST-0253,Makassar,Kecantikan,82000,1,E-Wallet,5.0,15000
TG-100062,04/07/2026,CUST-0104,Makassar,Fashion,130000,5,Transfer Bank,4.0,18000
TG-100500,2026-08-07,CUST-0343,Makassar,Fashion,Rp 113.000,1,COD,4.0,15000
TG-100330,24/07/2026,CUST-0023,Jakarta,Makanan,78000,4,Transfer Bank,5.0,9000
TG-100070,2026-07-05,CUST-0522,Makassar,Fashion,113500,4,Transfer Bank,4.0,15000
TG-100462,2026-08-04,CUST-0010,Medan,Elektronik,638000,1,E-Wallet,4.0,15000
TG-100993,2026-09-15,CUST-0084,Jakarta,Fashion,310000,4,E-Wallet,5.0,9000
TG-100652,18/08/2026,CUST-0492,Jakarta,Fashion,117000,1,COD,4.0,9000
TG-100901,2026-09-08,CUST-0415,Surabaya,Kecantikan,Rp 58.500,5,E-Wallet,5.0,22000
TG-100933,2026-09-10,CUST-0088,Surabaya,Fashion,193500,3,E-Wallet,3.0,22000
TG-100431,2026-08-01,CUST-0147,Makassar,Rumah Tangga,259000,4,COD,4.0,12000
TG-100621,15/08/2026,CUST-0103,Bandung,Rumah Tangga,136500,1,E-Wallet,4.0,22000
TG-100022,2026-07-02,CUST-0307,Medan,Kecantikan,Rp 103.500,5,E-Wallet,3.0,15000
TG-101137,2026-09-25,CUST-0243,Jakarta,Kecantikan,78500,1,E-Wallet,5.0,9000
TG-100820,2026-09-02,CUST-0054,Makassar,Elektronik,734000,2,E-Wallet,5.0,12000
TG-100365,2026-07-27,CUST-0481,Bandung,Fashion,70000,2,COD,3.0,15000
TG-100701,2026-08-22,CUST-0374,Surabaya,Elektronik,1144500,1,COD,3.0,22000
TG-100312,2026-07-23,CUST-0185,Jakarta,Makanan,67500,2,COD,4.0,9000
TG-100775,2026-08-28,CUST-0421,Jakarta,Makanan,32500,2,COD,4.0,9000
TG-101035,2026-09-18,CUST-0400,Bandung,Fashion,117500,1,Transfer Bank,4.0,12000
TG-101143,2026-09-26,CUST-0128,Bandung,Kecantikan,Rp 44.000,1,Transfer Bank,4.0,12000
TG-100198,2026-07-13,CUST-0012,Makassar,Elektronik,1437000,1,COD,10.0,18000
TG-100795,31/08/2026,CUST-0053,Surabaya,Fashion,122000,3,Transfer Bank,5.0,12000
TG-101146,2026-09-26,CUST-0301,Makassar,Rumah Tangga,Rp 124.500,2,E-Wallet,5.0,22000
TG-100512,2026-08-08,CUST-0050,Medan,Makanan,Rp 39.000,1,Kartu Kredit,3.0,18000
TG-100960,2026-09-13,CUST-0001,Makassar,Makanan,38500,3,Transfer Bank,,18000
TG-100731,2026-08-25,CUST-0225,Bandung,Fashion,132000,1,COD,4.0,22000
TG-100916,2026-09-09,CUST-0238,Surabaya,Fashion,173000,2,E-Wallet,,12000
TG-100087,2026-07-06,CUST-0391,Bandung,Elektronik,577500,1,transfer,5.0,12000
TG-100589,2026-08-13,CUST-0157,Medan,Fashion,107000,1,Transfer Bank,3.0,15000
TG-100358,26/07/2026,CUST-0034,medan ,Elektronik,890500,1,COD,3.0,15000
TG-100601,2026-08-14,CUST-0427,,Elektronik,1118500,1,COD,7.0,15000
TG-100861,05/09/2026,CUST-0332,Medan,Fashion,113500,5,Kartu Kredit,5.0,22000
TG-100725,2026-08-24,CUST-0223,Jakarta,Elektronik,1062000,1,E-Wallet,5.0,9000
TG-100130,2026-07-09,CUST-0445,Jakarta,Makanan,56000,5,COD,5.0,9000
TG-100963,2026-09-13,CUST-0411,Makassar,Makanan,67500,2,Kartu Kredit,4.0,18000
TG-100346,2026-07-25,CUST-0051,Makassar,Elektronik,2461000,1,CC,3.0,15000
TG-100258,2026-07-18,CUST-0055,Bandung,Fashion,Rp 101.000,1,Transfer Bank,4.0,18000
TG-101132,2026-09-25,CUST-0053,Surabaya,Fashion,146000,1,Transfer Bank,5.0,22000
TG-100948,2026-09-11,CUST-0287,MEDAN,Rumah Tangga,157000,2,E-Wallet,5.0,18000
TG-100692,2026-08-21,CUST-0338,Makassar,Rumah Tangga,188500,3,Kartu Kredit,5.0,15000
TG-100219,15/07/2026,CUST-0098,Medan,Fashion,100000,2,E-Wallet,5.0,22000
TG-100463,04/08/2026,CUST-0190,Makassar,Fashion,Rp 87.000,1,COD,4.0,22000
TG-100814,2026-09-01,CUST-0081,Bandung,Elektronik,546000,2,Kartu Kredit,4.0,12000
TG-100317,2026-07-23,CUST-0031,Surabaya,Kecantikan,107000,3,E-Wallet,5.0,15000
TG-101074,21/09/2026,CUST-0500,Medan,Elektronik,702000,1,Transfer Bank,3.0,18000
TG-100282,2026-07-19,CUST-0384,Jakarta,Fashion,146000,1,E-Wallet,5.0,9000
TG-101118,2026-09-24,CUST-0109,Surabaya,Fashion,Rp 113.000,1,E-Wallet,5.0,12000
TG-101050,2026-09-18,CUST-0236,Jakarta,Kecantikan,Rp 80.000,5,COD,2.0,9000
TG-100221,2026-07-15,CUST-0013,Jakarta,Fashion,178500,5,Transfer Bank,3.0,9000
TG-100741,2026-08-26,CUST-0455,Bandung,Rumah Tangga,181000,4,E-Wallet,4.0,15000
TG-100480,05/08/2026,CUST-0128,Makassar,Fashion,88500,2,Transfer Bank,4.0,15000
TG-100106,2026-07-07,CUST-0168,Makassar,Kecantikan,109500,1,E-Wallet,4.0,15000
TG-100932,10/09/2026,CUST-0356,Bandung,Fashion,90500,4,E-Wallet,5.0,12000
TG-101027,2026-09-17,CUST-0077,Makassar,Makanan,Rp 45.500,4,COD,5.0,12000
TG-101071,20/09/2026,CUST-0237,Jakarta ,Kecantikan,224000,1,E-Wallet,4.0,9000
TG-100104,07/07/2026,CUST-0484,Surabaya,Rumah Tangga,88000,1,E-Wallet,4.0,22000
TG-100324,2026-07-23,CUST-0108,Jakarta,Fashion,182500,2,kartu kredit,4.0,9000
TG-100311,2026-07-23,CUST-0172,Makassar,Elektronik,1012500,1,E-Wallet,4.0,22000
TG-100035,03/07/2026,CUST-0416,BANDUNG,Kecantikan,82500,2,E-Wallet,4.0,15000
TG-100101,2026-07-07,CUST-0075,Makassar,Makanan,Rp 75.000,1,E-Wallet,5.0,15000
TG-100902,2026-09-08,CUST-0191,Jakarta,Makanan,69500,3,COD,3.0,9000
TG-100155,2026-07-11,CUST-0438,Bandung,Kecantikan,Rp 162.000,1,E-Wallet,4.0,18000
TG-100586,2026-08-13,CUST-0194,,Kecantikan,84000,4,E-Wallet,3.0,18000
TG-101142,26/09/2026,CUST-0002,Bandung,Fashion,187500,1,Transfer Bank,4.0,18000
TG-100755,2026-08-27,CUST-0364,Bandung,Makanan,59000,1,E-Wallet,4.0,18000
TG-100733,2026-08-25,CUST-0219,Makassar,Fashion,154500,1,COD,3.0,15000
TG-101066,2026-09-20,CUST-0470,Jakarta,Fashion,124000,2,E-Wallet,5.0,9000
TG-100959,2026-09-12,CUST-0119,Makassar,Elektronik,614500,1,,2.0,15000
TG-100238,2026-07-16,CUST-0170,,Kecantikan,63000,1,COD,5.0,18000
TG-100039,2026-07-03,CUST-0237,Medan,Makanan,66500,1,COD,5.0,22000
TG-101059,2026-09-19,CUST-0433,Bandung,Fashion,110500,4,Transfer Bank,4.0,22000
TG-100646,2026-08-18,CUST-0008,Jakarta,Fashion,135500,4,E-Wallet,4.0,9000
TG-100911,09/09/2026,CUST-0211,Medan,Fashion,307500,5,COD,,12000
TG-100254,2026-07-17,CUST-0163,Jakarta,Elektronik,323000,2,COD,,9000
TG-101178,2026-09-29,CUST-0258,Bandung,Kecantikan,60500,3,COD,2.0,12000
TG-100868,2026-09-06,CUST-0178,Makassar,Fashion,447000,1,cod,5.0,18000
TG-100352,2026-07-26,CUST-0407,Bandung,Rumah Tangga,73000,2,COD,0.0,18000
TG-100938,2026-09-11,CUST-0104,Jakarta,Makanan,68000,2,E-Wallet,5.0,9000
TG-100908,2026-09-09,CUST-0441,Makassar,Kecantikan,125500,1,E-Wallet,5.0,12000
TG-101182,2026-09-29,CUST-0365,Medan,Fashion,240500,1,Transfer Bank,5.0,22000
TG-100056,2026-07-04,CUST-0142,Surabaya,Kecantikan,89000,1,Transfer Bank,4.0,22000
TG-100778,2026-08-29,CUST-0206,Bandung,Rumah Tangga,208500,2,Transfer Bank,5.0,12000
TG-100551,2026-08-11,CUST-0254,makassar,Fashion,119000,3,E-Wallet,5.0,15000
TG-101138,2026-09-25,CUST-0334,Makassar,Kecantikan,Rp 111.500,1,E-Wallet,3.0,15000
TG-100653,2026-08-18,CUST-0367,Surabaya,Makanan,39000,1,E-WALLET,4.0,18000
TG-100168,11/07/2026,CUST-0488,Surabaya,Kecantikan,108000,2,Transfer Bank,3.0,15000
TG-100425,2026-08-01,CUST-0513,Jakarta,Fashion,Rp 114.500,4,E-Wallet,3.0,9000
TG-100274,19/07/2026,CUST-0293,Bandung,Fashion,91000,5,E-Wallet,5.0,22000
TG-100770,2026-08-28,CUST-0151,Surabaya,Rumah Tangga,127000,1,COD,5.0,12000
TG-101095,22/09/2026,CUST-0021,Medan,Kecantikan,57500,1,E-Wallet,4.0,15000
TG-100401,2026-07-30,CUST-0052,Jakarta,Makanan,44000,4,E-Wallet,4.0,9000
TG-100342,2026-07-25,CUST-0161,Jakarta,Fashion,152500,1,COD,4.0,9000
TG-100328,2026-07-24,CUST-0452,Medan,Fashion,217500,1,Kartu Kredit,5.0,15000
TG-101089,2026-09-22,CUST-0401,Makassar,Makanan,36500,2,E-Wallet,4.0,22000
TG-101099,2026-09-23,CUST-0012,Makassar,Rumah Tangga,Rp 159.500,1,E-Wallet,4.0,12000
TG-101005,2026-09-16,CUST-0139,Makassar,Elektronik,Rp 1.468.000,1,Kartu Kredit,3.0,12000
TG-100977,2026-09-14,CUST-0118,Jakarta,Fashion,194500,1,Kartu Kredit,5.0,9000
TG-100051,03/07/2026,CUST-0439,Surabaya,Rumah Tangga,212500,1,COD,4.0,18000
TG-100762,2026-08-28,CUST-0500,Surabaya,Fashion,82000,2,COD,5.0,15000
TG-100699,2026-08-22,CUST-0482,,Rumah Tangga,50500,5,COD,5.0,18000
TG-100782,29/08/2026,CUST-0179,Medan,Fashion,59500,1,E-Wallet,5.0,22000
TG-100246,2026-07-17,CUST-0390,Jakarta,Elektronik,617000,2,COD,4.0,9000
TG-100892,2026-09-07,CUST-0043,Medan,Kecantikan,76500,1,COD,,12000
TG-100513,08/08/2026,CUST-0535,Makassar,Rumah Tangga,65500,30,Transfer Bank,3.0,18000
TG-101083,2026-09-22,CUST-0147,Medan,Elektronik,271500,1,E-Wallet,3.0,12000
TG-101098,2026-09-23,CUST-0150,Jakarta,Kecantikan,60000,5,COD,,9000
TG-100999,15/09/2026,CUST-0282,Bandung,Fashion,320500,1,COD,4.0,22000
TG-100172,12/07/2026,CUST-0409,Bandung,Kecantikan,74500,1,COD,3.0,12000
TG-100043,2026-07-03,CUST-0198,Jakarta,Fashion,101000,2,E-Wallet,5.0,9000
TG-100251,2026-07-17,CUST-0452,Medan,Fashion,121000,2,Kartu Kredit,4.0,18000
TG-100099,2026-07-07,CUST-0321,Surabaya,Kecantikan,Rp 182.000,1,COD,5.0,15000
TG-100288,20/07/2026,CUST-0475,Makassar,Kecantikan,144500,1,ewallet,4.0,12000
TG-100153,2026-07-11,CUST-0070,Jakarta,Fashion,75500,2,Transfer Bank,3.0,9000
TG-101029,2026-09-17,CUST-0532,Surabaya,Rumah Tangga,69500,4,E-WALLET,5.0,18000
TG-101008,2026-09-16,CUST-0515,Makassar,Elektronik,1558000,1,E-Wallet,,15000
TG-101177,2026-09-29,CUST-0240,Bandung,Rumah Tangga,136000,1,Transfer Bank,4.0,18000
TG-101026,17/09/2026,CUST-0391,Surabaya,Elektronik,765500,1,Transfer Bank,4.0,18000
TG-100023,2026-07-02,CUST-0165,Bandung,Rumah Tangga,77000,1,Kartu Kredit,5.0,15000
TG-100974,2026-09-14,CUST-0066,Surabaya,Kecantikan,74500,1,Transfer Bank,3.0,12000
TG-100520,2026-08-08,CUST-0147,Bandung,Makanan,49000,4,E-Wallet,3.0,15000
TG-101039,2026-09-18,CUST-0159,Jakarta,Kecantikan,91500,1,Transfer Bank,5.0,9000
TG-100321,2026-07-23,CUST-0056,Jakarta,Makanan,52000,2,COD,,9000
TG-101048,2026-09-18,CUST-0312,Surabaya,Elektronik,744500,1,Transfer Bank,5.0,12000
TG-100749,2026-08-27,CUST-0517,,Fashion,233500,3,E-Wallet,4.0,15000
TG-100390,2026-07-29,CUST-0149,Surabaya,Makanan,71500,1,E-Wallet,4.0,18000
TG-100191,2026-07-13,CUST-0429,Bandung,Elektronik,Rp 1.757.500,2,,4.0,12000
TG-100706,2026-08-22,CUST-0422,Medan,Kecantikan,Rp 168.500,3,e-wallet,4.0,12000
TG-100042,2026-07-03,CUST-0345,Surabaya,Rumah Tangga,78000,3,E-Wallet,4.0,22000
TG-100857,2026-09-05,CUST-0390,Surabaya,Kecantikan,158500,1,E-Wallet,5.0,22000
TG-100213,2026-07-15,CUST-0502,Makassar,Makanan,Rp 85.500,2,E-Wallet,5.0,18000
TG-100332,24/07/2026,CUST-0109,bdg,Fashion,365000,4,COD,4.0,18000
TG-100430,2026-08-01,CUST-0161,Bandung,Fashion,319000,1,E-Wallet,5.0,15000
TG-100392,29/07/2026,CUST-0430,Jakarta,Kecantikan,116000,5,E-Wallet,4.0,9000
TG-100642,18/08/2026,CUST-0190,sby,Fashion,Rp 284.500,5,Kartu Kredit,4.0,12000
TG-100639,2026-08-17,CUST-0027,Jakarta,Rumah Tangga,153000,1,E-WALLET,5.0,9000
TG-101069,2026-09-20,CUST-0074,Makassar,Elektronik,1163000,2,,3.0,22000
TG-100624,16/08/2026,CUST-0174,Jakarta,Kecantikan,143500,1,Transfer Bank,5.0,9000
TG-100525,09/08/2026,CUST-0436,Makassar,Fashion,217000,1,Transfer Bank,5.0,18000
TG-100995,15/09/2026,CUST-0252,Surabaya,Makanan,59000,1,E-Wallet,5.0,18000
TG-100670,2026-08-20,CUST-0048,Jakarta,Kecantikan,133500,1,E-Wallet,4.0,9000
TG-100118,08/07/2026,CUST-0533,BANDUNG,Rumah Tangga,145000,1,COD,5.0,22000
TG-101147,2026-09-26,CUST-0288,Surabaya,Rumah Tangga,223500,2,E-Wallet,3.0,18000
TG-101016,2026-09-16,CUST-0245,Makassar,Fashion,Rp 62.000,2,E-Wallet,,18000
TG-100962,2026-09-13,CUST-0489,Jakarta,Makanan,55000,5,E-Wallet,5.0,9000
TG-101085,22/09/2026,CUST-0206,Jakarta,Fashion,239500,1,E-Wallet,4.0,9000
TG-100349,2026-07-26,CUST-0284,Bandung,Fashion,128500,1,Transfer Bank,5.0,18000
TG-100839,2026-09-03,CUST-0505,Makassar,Elektronik,1361000,1,E-Wallet,,22000
TG-101103,2026-09-23,CUST-0124,Jakarta,Fashion,51500,1,E-Wallet,5.0,9000
TG-100166,2026-07-11,CUST-0315,Makassar,Fashion,137500,1,E-Wallet,3.0,18000
TG-100472,2026-08-05,CUST-0442,Bandung,Fashion,239000,2,E-Wallet,5.0,22000
TG-100111,2026-07-08,CUST-0131,Surabaya,Makanan,50500,1,COD,4.0,18000
TG-101055,2026-09-19,CUST-0103,Bandung,Kecantikan,55000,1,E-Wallet,4.0,18000
TG-100382,2026-07-28,CUST-0067,,Elektronik,906500,1,E-Wallet,3.0,15000
TG-100141,2026-07-10,CUST-0201,Jakarta,Kecantikan,68000,5,Transfer Bank,5.0,9000
TG-100881,06/09/2026,CUST-0454,Jakarta,Rumah Tangga,Rp 111.500,5,E-Wallet,4.0,9000
TG-100201,2026-07-14,CUST-0228,Bandung,Elektronik,714000,2,COD,5.0,18000
TG-100611,2026-08-15,CUST-0162,Jakarta,Rumah Tangga,145000,1,E-Wallet,4.0,9000
TG-100969,2026-09-13,CUST-0525,Makassar,Rumah Tangga,177500,3,e-wallet,4.0,22000
TG-101025,2026-09-17,CUST-0241,Jakarta,Rumah Tangga,160000,3,COD,4.0,9000
TG-100193,2026-07-13,CUST-0117,Jakarta,Makanan,49500,2,COD,,9000
TG-100510,08/08/2026,CUST-0177,Makassar,Kecantikan,Rp 126.500,1,Kartu Kredit,4.0,15000
TG-101135,2026-09-25,CUST-0166,Makassar,Elektronik,Rp 497.500,1,Transfer Bank,5.0,18000
TG-100415,31/07/2026,CUST-0469,Medan,Fashion,138000,1,E-Wallet,4.0,15000
TG-100285,2026-07-20,CUST-0327,surabaya,Rumah Tangga,133000,5,Kartu Kredit,5.0,18000
TG-100471,2026-08-05,CUST-0007,Surabaya,Makanan,64000,1,E-Wallet,5.0,12000
TG-100897,2026-09-08,CUST-0465,Makassar,Rumah Tangga,175000,3,Transfer Bank,4.0,15000
TG-100522,2026-08-09,CUST-0240,Makassar,Elektronik,1139500,2,E-Wallet,3.0,15000
TG-100766,2026-08-28,CUST-0461,Jakarta,Rumah Tangga,72500,2,ewallet,4.0,9000
TG-100455,2026-08-03,CUST-0102,Bandung,Rumah Tangga,88000,3,E-Wallet,3.0,22000
TG-101096,22/09/2026,CUST-0220,Medan,Makanan,37000,1,E-Wallet,4.0,18000
TG-100196,2026-07-13,CUST-0208,Jakarta,Kecantikan,Rp 84.000,1,Kartu Kredit,4.0,9000
TG-100414,2026-07-31,CUST-0054,Makassar,Elektronik,1095000,1,Transfer Bank,5.0,18000
TG-100848,2026-09-04,CUST-0085,Makassar,Elektronik,558000,1,COD,3.0,15000
TG-100423,2026-08-01,CUST-0220,Medan,Kecantikan,211500,1,E-Wallet,4.0,15000
TG-100830,2026-09-02,CUST-0148,Makassar,Fashion,98500,1,E-Wallet,5.0,12000
TG-100018,01/07/2026,CUST-0454,Jakarta,Rumah Tangga,177500,3,Transfer Bank,10.0,9000
TG-100432,2026-08-02,CUST-0065,Bandung,Fashion,252000,5,COD,5.0,15000
TG-100494,07/08/2026,CUST-0422,Jakarta,Makanan,73500,1,Transfer Bank,5.0,9000
TG-100840,2026-09-03,CUST-0251,Jakarta,Makanan,48500,48,E-Wallet,4.0,9000
TG-100077,2026-07-05,CUST-0528,Bandung,Rumah Tangga,121000,5,E-WALLET,5.0,12000
TG-100125,2026-07-08,CUST-0191,Jakarta,Kecantikan,106500,1,E-Wallet,5.0,9000
TG-100122,2026-07-08,CUST-0102,Bandung,Fashion,180000,1,E-Wallet,5.0,18000
TG-100024,2026-07-02,CUST-0357,JAKARTA,Kecantikan,154500,4,COD,3.0,9000
TG-100992,2026-09-15,CUST-0244,Makassar,Kecantikan,51000,1,COD,,12000
TG-101079,2026-09-21,CUST-0272,Makassar,Fashion,141000,4,COD,,12000
TG-100713,2026-08-23,CUST-0491,Jakarta,Makanan,34500,1,Transfer Bank,5.0,9000
TG-100152,2026-07-11,CUST-0198,Makassar,Elektronik,524000,2,E-Wallet,4.0,18000
TG-100368,2026-07-27,CUST-0274,Jakarta,Elektronik,1066000,2,E-Wallet,4.0,9000
TG-100158,2026-07-11,CUST-0466,Jakarta,Makanan,117500,2,,4.0,9000
TG-100223,2026-07-15,CUST-0365,Bandung,Elektronik,455000,1,Transfer Bank,3.0,12000
TG-100638,2026-08-17,CUST-0338,Bandung,Kecantikan,80500,5,E-Wallet,3.0,12000
TG-101102,2026-09-23,CUST-0025,Bandung,Rumah Tangga,96000,1,E-Wallet,5.0,12000
TG-100418,2026-07-31,CUST-0039,Jakarta,Makanan,57000,4,E-Wallet,4.0,9000
TG-101172,2026-09-28,CUST-0169,Jakarta,Fashion,Rp 78.500,5,COD,5.0,9000
TG-100121,2026-07-08,CUST-0325,Makassar,Fashion,88500,4,E-Wallet,5.0,12000
TG-100693,2026-08-21,CUST-0011,Makassar,Fashion,110000,3,Transfer Bank,4.0,22000
TG-100727,2026-08-24,CUST-0433,Jakarta,Fashion,101500,1,Kartu Kredit,5.0,9000
TG-100677,20/08/2026,CUST-0010,sby,Fashion,Rp 227.500,2,E-Wallet,4.0,22000
TG-100660,2026-08-19,CUST-0261,Surabaya,Elektronik,1797500,1,Transfer Bank,1.0,18000
TG-101127,25/09/2026,CUST-0081,Surabaya,Makanan,34500,2,Transfer Bank,5.0,15000
TG-100025,2026-07-02,CUST-0348,jkt,Makanan,36500,1,E-Wallet,4.0,9000
TG-100435,02/08/2026,CUST-0262,Makassar,Fashion,186000,1,Transfer Bank,5.0,15000
TG-100333,2026-07-24,CUST-0415,Medan,Fashion,169000,5,Transfer Bank,5.0,18000
TG-100031,2026-07-02,CUST-0397,Jakarta,Fashion,175000,0,E-Wallet,4.0,9000
TG-100945,2026-09-11,CUST-0019,Medan,Elektronik,544000,1,E-Wallet,5.0,15000
TG-100822,2026-09-02,CUST-0405,Makassar,Rumah Tangga,Rp 183.500,3,E-Wallet,5.0,22000
TG-100249,2026-07-17,CUST-0233,JAKARTA,Kecantikan,76000,1,COD,4.0,9000
TG-100175,12/07/2026,CUST-0450,Makassar,Kecantikan,52500,1,E-Wallet,3.0,18000
TG-101108,2026-09-23,CUST-0241,Jakarta,Elektronik,1740000,1,E-Wallet,5.0,9000
TG-100008,2026-07-01,CUST-0187,Medan,Fashion,Rp 67.000,1,COD,5.0,22000
TG-101123,2026-09-24,CUST-0501,Medan,Fashion,136500,1,E-Wallet,5.0,22000
TG-101189,2026-09-30,CUST-0300,Surabaya,Fashion,141000,5,Kartu Kredit,4.0,15000
TG-100407,2026-07-30,CUST-0303,Jakarta,Elektronik,1176500,2,COD,3.0,9000
TG-100835,03/09/2026,CUST-0253,Makassar,Kecantikan,49500,5,E-Wallet,2.0,22000
TG-100539,2026-08-10,CUST-0257,Bandung,Elektronik,827500,1,Transfer Bank,3.0,12000
TG-100048,2026-07-03,CUST-0388,Makassar,Kecantikan,94000,3,Kartu Kredit,5.0,18000
TG-100487,06/08/2026,CUST-0031,Bandung,Elektronik,925500,1,Kartu Kredit,5.0,18000
TG-101015,2026-09-16,CUST-0317,Medan,Makanan,64500,5,COD,,18000
TG-100691,2026-08-21,CUST-0494,Jakarta,Makanan,66000,1,Transfer Bank,2.0,9000
TG-100415,31/07/2026,CUST-0469,Medan,Fashion,138000,1,E-Wallet,4.0,15000
TG-101163,2026-09-27,CUST-0422,Bandung,Elektronik,454500,1,COD,4.0,12000
TG-101185,2026-09-29,CUST-0027,Jakarta,Kecantikan,76000,1,COD,4.0,9000
TG-101106,2026-09-23,CUST-0396,Jakarta ,Rumah Tangga,Rp 105.500,4,E-Wallet,5.0,9000
TG-100950,2026-09-11,CUST-0156,Makassar,Elektronik,406500,2,ewallet,4.0,18000
TG-100041,2026-07-03,CUST-0096,Medan,Kecantikan,117500,1,Transfer Bank,4.0,22000
TG-100943,2026-09-11,CUST-0091,Jakarta,Kecantikan,72000,1,E-Wallet,3.0,9000
TG-101061,19/09/2026,CUST-0324,Medan,Fashion,219500,1,COD,3.0,15000
TG-100124,2026-07-08,CUST-0130,Makassar,Elektronik,1066500,1,COD,3.0,15000
TG-101063,2026-09-19,CUST-0144,Jakarta,Rumah Tangga,120000,5,Transfer Bank,4.0,9000
TG-100361,2026-07-27,CUST-0290,Bandung,Fashion,261000,5,E-Wallet,5.0,12000
TG-100066,2026-07-05,CUST-0007,Bandung,Kecantikan,107500,1,Transfer Bank,4.0,15000
TG-100182,2026-07-12,CUST-0158,Surabaya,Kecantikan,Rp 89.500,4,E-Wallet,4.0,12000
TG-101052,19/09/2026,CUST-0138,Makassar,Fashion,169000,1,E-Wallet,4.0,15000
TG-100628,16/08/2026,CUST-0489,Makassar,Makanan,66500,2,Cod,3.0,22000
TG-101012,2026-09-16,CUST-0225,Makassar,Rumah Tangga,137000,1,Transfer Bank,,22000
TG-100504,2026-08-07,CUST-0135,Surabaya,Kecantikan,180000,1,cod,5.0,18000
TG-100412,2026-07-31,CUST-0262,Medan,Kecantikan,189500,1,COD,3.0,15000
TG-100231,2026-07-16,CUST-0441,Medan,Fashion,173500,1,E-Wallet,4.0,18000
TG-100386,29/07/2026,CUST-0245,Makassar,Makanan,37000,3,Kartu Kredit,4.0,12000
TG-101092,2026-09-22,CUST-0419,Makassar,Elektronik,Rp 533.500,2,COD,4.0,15000
TG-100009,01/07/2026,CUST-0057,Makassar,Kecantikan,125000,1,E-Wallet,4.0,15000
TG-100994,2026-09-15,CUST-0029,Jakarta,Rumah Tangga,83000,1,COD,4.0,9000
TG-100912,09/09/2026,CUST-0089,bdg,Makanan,53000,24,COD,4.0,22000
TG-100484,06/08/2026,CUST-0253,Bandung,Rumah Tangga,104000,5,Transfer Bank,5.0,22000
TG-100220,2026-07-15,CUST-0299,Jakarta,Fashion,63000,2,E-Wallet,,9000
TG-101045,2026-09-18,CUST-0229,Surabaya,Fashion,124000,4,ewallet,4.0,15000
TG-100930,2026-09-10,CUST-0358,Makassar ,Rumah Tangga,81000,4,ewallet,4.0,18000
TG-101073,2026-09-20,CUST-0263,Jakarta,Fashion,109500,3,Transfer Bank,4.0,9000
TG-101125,25/09/2026,CUST-0374,Jakarta ,Kecantikan,72500,1,E-Wallet,4.0,9000
TG-100298,2026-07-21,CUST-0195,,Kecantikan,1075000,4,E-Wallet,5.0,12000
TG-100409,30/07/2026,CUST-0367,Jakarta,Fashion,109000,1,cod,5.0,9000
TG-100591,2026-08-14,CUST-0038,makassar,Rumah Tangga,308000,1,E-Wallet,,22000
TG-100811,2026-09-01,CUST-0259,Jakarta,Kecantikan,115000,1,Kartu Kredit,5.0,9000
TG-100585,13/08/2026,CUST-0495,Jakarta,Kecantikan,34000,3,E-Wallet,4.0,9000
TG-100060,2026-07-04,CUST-0243,SURABAYA,Elektronik,1289500,1,COD,3.0,15000
TG-100965,2026-09-13,CUST-0098,Surabaya,Fashion,106000,1,E-Wallet,4.0,15000
TG-100937,2026-09-11,CUST-0406,Bandung,Kecantikan,199000,4,COD,3.0,15000
TG-100703,2026-08-22,CUST-0003,Makassar,Elektronik,477500,1,Transfer Bank,4.0,15000
TG-100492,2026-08-06,CUST-0130,Surabaya,Fashion,164500,4,ewallet,4.0,12000
TG-100440,2026-08-02,CUST-0526,Surabaya,Kecantikan,123500,1,COD,3.0,15000
TG-100410,2026-07-31,CUST-0444,Jakarta,Fashion,119000,5,Kartu Kredit,5.0,9000
TG-100360,27/07/2026,CUST-0196,Bandung,Elektronik,264500,1,E-Wallet,5.0,18000
TG-100115,2026-07-08,CUST-0388,Jakarta,Fashion,Rp 328.000,3,E-Wallet,5.0,9000
TG-100829,2026-09-02,CUST-0098,Jakarta,Rumah Tangga,138000,1,COD,5.0,9000
TG-100400,2026-07-30,CUST-0057,Medan,Fashion,158500,2,E-Wallet,5.0,22000
TG-100433,2026-08-02,CUST-0417,Surabaya,Fashion,199500,3,E-Wallet,3.0,15000
TG-100399,2026-07-30,CUST-0288,jkt,Fashion,86000,1,COD,5.0,9000
TG-101148,2026-09-26,CUST-0474,Jakarta,Elektronik,Rp 770.500,1,transfer,4.0,9000
TG-101051,18/09/2026,CUST-0158,Medan,Fashion,143500,5,E-Wallet,5.0,15000
TG-100308,23/07/2026,CUST-0148,Surabaya,Kecantikan,129000,1,COD,4.0,15000
TG-100619,2026-08-15,CUST-0062,Makassar,Makanan,32000,2,E-Wallet,5.0,12000
TG-100751,2026-08-27,CUST-0485,mks,Rumah Tangga,98500,1,Kartu Kredit,3.0,12000
TG-100726,2026-08-24,CUST-0278,Makassar,Fashion,344500,2,E-Wallet,5.0,22000
TG-101002,2026-09-16,CUST-0185,Makassar,Kecantikan,142500,1,E-Wallet,5.0,15000
TG-100097,07/07/2026,CUST-0161,Jakarta,Fashion,230500,2,COD,4.0,9000
TG-100235,2026-07-16,CUST-0493,Surabaya,Kecantikan,Rp 64.500,2,Transfer Bank,,12000
TG-100103,2026-07-07,CUST-0422,Jakarta,Kecantikan,188000,2,COD,4.0,9000
TG-100457,03/08/2026,CUST-0070,Surabaya,Fashion,117000,3,Cod,3.0,22000
TG-100991,2026-09-15,CUST-0316,Jakarta,Makanan,Rp 83.500,4,E-Wallet,3.0,9000
TG-100641,17/08/2026,CUST-0308,Jakarta,Rumah Tangga,171500,3,E-Wallet,4.0,9000
TG-100580,2026-08-13,CUST-0226,Jakarta,Fashion,52000,2,Transfer Bank,3.0,9000
TG-100286,20/07/2026,CUST-0071,MEDAN,Elektronik,1273000,2,COD,,22000
TG-100485,2026-08-06,CUST-0283,Makassar,Elektronik,1928000,2,Transfer Bank,3.0,12000
TG-100284,20/07/2026,CUST-0457,Jakarta,Kecantikan,66500,2,E-Wallet,,9000
TG-100345,2026-07-25,CUST-0337,medan ,Fashion,111000,3,E-Wallet,5.0,18000
TG-100179,2026-07-12,CUST-0347,Makassar,Fashion,71000,4,E-Wallet,4.0,12000
TG-101110,2026-09-23,CUST-0246,Jakarta ,Makanan,68000,2,Transfer Bank,5.0,9000
TG-100099,2026-07-07,CUST-0321,Surabaya,Kecantikan,Rp 182.000,1,COD,5.0,15000
TG-100139,09/07/2026,CUST-0224,Surabaya,Fashion,168500,1,E-Wallet,5.0,18000
TG-100296,21/07/2026,CUST-0342,Jakarta,Fashion,153500,3,Transfer Bank,4.0,9000
TG-101003,16/09/2026,CUST-0117,Medan,Fashion,63500,3,Transfer Bank,4.0,22000
TG-100760,2026-08-28,CUST-0219,DKI Jakarta,Kecantikan,43000,3,Kartu Kredit,5.0,9000
TG-100028,2026-07-02,CUST-0362,Bandung,Kecantikan,Rp 105.000,3,COD,5.0,18000
TG-100151,10/07/2026,CUST-0370,Surabaya,Kecantikan,151500,3,COD,5.0,18000
TG-101019,2026-09-16,CUST-0143,Bandung,Fashion,120500,4,E-Wallet,4.0,22000
TG-100985,14/09/2026,CUST-0444,Medan,Fashion,104500,1,E-Wallet,3.0,15000
TG-100464,2026-08-04,CUST-0133,Makassar,Kecantikan,45500,4,e-wallet,4.0,12000
TG-100602,2026-08-14,CUST-0439,Jakarta,Kecantikan,105000,1,E-Wallet,5.0,9000
TG-100818,2026-09-01,CUST-0152,Medan,Fashion,303000,1,COD,4.0,15000
TG-100936,2026-09-10,CUST-0196,,Kecantikan,Rp 92.500,1,Kartu Kredit,5.0,12000
TG-100854,2026-09-05,CUST-0213,Jakarta,Fashion,111000,2,Transfer Bank,4.0,9000
TG-100317,2026-07-23,CUST-0031,Surabaya,Kecantikan,107000,3,E-Wallet,5.0,15000
TG-100451,2026-08-03,CUST-0053,Jakarta,Kecantikan,Rp 168.000,60,E-Wallet,4.0,9000
TG-100573,2026-08-12,CUST-0375,Bandung,Elektronik,Rp 297.000,1,E-Wallet,3.0,12000
TG-100374,2026-07-27,CUST-0473,Medan,Fashion,417000,3,Kartu Kredit,5.0,18000
TG-100055,04/07/2026,CUST-0064,Jakarta,Fashion,203000,1,Transfer Bank,5.0,9000
TG-100730,2026-08-25,CUST-0161,Surabaya,Kecantikan,134000,5,E-Wallet,4.0,12000
TG-100045,2026-07-03,CUST-0318,Bandung,Rumah Tangga,161000,1,E-Wallet,5.0,15000
TG-100107,2026-07-07,CUST-0366,Jakarta,Kecantikan,Rp 78.500,1,Kartu Kredit,3.0,9000
TG-100827,02/09/2026,CUST-0034,Jakarta,Fashion,Rp 490.000,5,e-wallet,4.0,9000
TG-100323,2026-07-23,CUST-0229,Jakarta,Fashion,98000,3,COD,4.0,9000
TG-101053,19/09/2026,CUST-0102,Jakarta,Fashion,297000,3,E-Wallet,4.0,9000
TG-100204,14/07/2026,CUST-0022,Surabaya,Makanan,49500,1,Kartu Kredit,5.0,15000
TG-100694,2026-08-22,CUST-0293,Bandung,Makanan,66000,2,COD,5.0,15000
TG-100482,2026-08-05,CUST-0369,Medan,Rumah Tangga,266000,3,Transfer Bank,5.0,22000
TG-101131,2026-09-25,CUST-0009,Makassar,Fashion,203000,2,COD,5.0,18000
TG-100167,2026-07-11,CUST-0251,Jakarta,Makanan,26000,2,COD,4.0,9000
TG-100931,2026-09-10,CUST-0382,Medan,Fashion,52000,2,COD,,15000
TG-100247,2026-07-17,CUST-0042,Bandung,Fashion,153500,4,Transfer Bank,4.0,15000
TG-100558,2026-08-11,CUST-0075,Surabaya,Fashion,257500,3,Kartu Kredit,4.0,18000
TG-101126,2026-09-25,CUST-0249,Jakarta,Elektronik,Rp 832.000,1,COD,4.0,9000
TG-100579,2026-08-13,CUST-0372,Makassar ,Fashion,289000,1,E-Wallet,4.0,12000
TG-100270,2026-07-19,CUST-0520,Medan,Makanan,47000,4,Transfer Bank,4.0,18000
TG-100542,10/08/2026,CUST-0406,Bandung,Fashion,85500,1,E-Wallet,5.0,12000
TG-100502,2026-08-07,CUST-0012,Surabaya,Fashion,81500,2,Transfer Bank,4.0,12000
TG-100319,2026-07-23,CUST-0177,Makassar,Kecantikan,160500,1,Transfer Bank,5.0,22000
TG-101175,2026-09-28,CUST-0452,Surabaya,Fashion,86000,4,Transfer Bank,3.0,12000
TG-101154,2026-09-26,CUST-0185,SURABAYA,Rumah Tangga,Rp 80.000,5,E-Wallet,5.0,22000
TG-100910,2026-09-09,CUST-0467,Jakarta,Fashion,159000,1,COD,2.0,9000
TG-100496,07/08/2026,CUST-0013,Makassar ,Rumah Tangga,175500,1,COD,4.0,22000
TG-100206,2026-07-14,CUST-0340,Medan,Fashion,165500,2,E-Wallet,,12000
TG-100240,16/07/2026,CUST-0075,Bandung,Fashion,384500,4,COD,3.0,15000
TG-100260,2026-07-18,CUST-0070,Makassar,Kecantikan,109500,1,COD,4.0,12000
TG-100537,2026-08-10,CUST-0277,Jakarta,Makanan,Rp 39.000,4,Transfer Bank,4.0,9000
TG-100687,2026-08-21,CUST-0035,Jakarta,Kecantikan,84500,3,E-Wallet,5.0,9000
TG-100753,2026-08-27,CUST-0426,Makassar,Fashion,127000,1,COD,4.0,22000
TG-100217,2026-07-15,CUST-0475,MAKASSAR,Elektronik,Rp 2.089.500,2,E-Wallet,4.0,18000
TG-100856,05/09/2026,CUST-0433,Jakarta,Fashion,Rp 278.500,4,E-Wallet,5.0,9000
TG-101136,25/09/2026,CUST-0023,Surabaya,Rumah Tangga,135000,1,E-Wallet,3.0,18000
TG-100078,2026-07-05,CUST-0173,Bandung,Makanan,46500,5,Kartu Kredit,4.0,12000
TG-100347,2026-07-25,CUST-0370,Surabaya,Kecantikan,131000,3,Transfer Bank,5.0,15000
TG-100183,2026-07-12,CUST-0056,Jakarta,Rumah Tangga,185000,3,E-Wallet,,9000
TG-100307,2026-07-23,CUST-0276,Surabaya,Makanan,76500,5,E-Wallet,3.0,15000
TG-100178,2026-07-12,CUST-0268,,Makanan,84000,4,E-Wallet,5.0,18000
TG-100136,2026-07-09,CUST-0091,Makassar,Makanan,Rp 37.000,1,E-Wallet,5.0,15000
TG-100387,2026-07-29,CUST-0155,Bandung,Kecantikan,58000,1,Transfer Bank,3.0,12000
TG-100449,2026-08-03,CUST-0531,Surabaya,Kecantikan,175500,1,E-Wallet,5.0,15000
TG-100257,17/07/2026,CUST-0479,Makassar,Elektronik,322500,1,COD,3.0,18000
TG-100143,2026-07-10,CUST-0158,JAKARTA,Elektronik,771000,1,Kartu Kredit,3.0,9000
TG-100344,2026-07-25,CUST-0018,Surabaya,Kecantikan,169500,2,E-Wallet,5.0,15000
TG-100535,2026-08-10,CUST-0186,Makassar,Makanan,64500,3,Transfer Bank,5.0,12000
TG-100680,2026-08-20,CUST-0033,bandung,Rumah Tangga,101000,5,Transfer Bank,5.0,12000
TG-101115,2026-09-24,CUST-0280,Surabaya,Elektronik,451500,1,Transfer Bank,4.0,22000
TG-100444,2026-08-02,CUST-0225,Makassar,Kecantikan,72000,1,COD,2.0,18000
TG-100845,2026-09-04,CUST-0141,Jakarta,Fashion,104500,1,Transfer Bank,5.0,9000
TG-100359,2026-07-27,CUST-0231,Makassar,Kecantikan,66500,1,cod,4.0,22000
TG-100608,15/08/2026,CUST-0204,Medan,Rumah Tangga,100000,4,Transfer Bank,4.0,22000
TG-100408,30/07/2026,CUST-0069,Surabaya,Elektronik,1367000,2,E-Wallet,4.0,18000
TG-100109,2026-07-07,CUST-0248,Medan,Kecantikan,97000,3,COD,4.0,12000
TG-100815,2026-09-01,CUST-0476,Surabaya,Rumah Tangga,Rp 172.500,1,COD,4.0,15000
TG-100450,2026-08-03,CUST-0172,Jakarta,Kecantikan,87500,3,E-Wallet,5.0,9000
TG-100357,2026-07-26,CUST-0103,Bandung,Rumah Tangga,Rp 130.000,2,COD,3.0,12000
TG-101070,2026-09-20,CUST-0367,Jakarta,Makanan,28500,2,COD,4.0,9000
TG-100160,2026-07-11,CUST-0441,Surabaya,Rumah Tangga,249500,3,Transfer Bank,,22000
TG-100044,2026-07-03,CUST-0121,Makassar ,Kecantikan,Rp 80.000,1,ewallet,5.0,15000
TG-100186,2026-07-13,CUST-0319,Makassar,Fashion,90500,5,E-Wallet,5.0,15000
TG-100383,2026-07-28,CUST-0527,Medan,Makanan,Rp 56.500,5,COD,4.0,12000
TG-100236,2026-07-16,CUST-0398,Makassar,Rumah Tangga,121000,2,E-Wallet,4.0,12000
TG-100708,2026-08-23,CUST-0439,Jakarta,Makanan,60500,4,Kartu Kredit,5.0,9000
TG-100807,2026-09-01,CUST-0043,Medan,Fashion,230000,1,COD,4.0,22000
TG-100486,2026-08-06,CUST-0513,DKI Jakarta,Fashion,Rp 191.500,1,Transfer Bank,4.0,9000
TG-100559,2026-08-11,CUST-0183,Bandung,Makanan,54500,5,E-Wallet,5.0,18000
TG-100294,2026-07-21,CUST-0027,Medan,Makanan,65000,1,COD,4.0,15000
TG-100721,2026-08-24,CUST-0324,Surabaya,Fashion,172500,1,COD,5.0,18000
TG-100255,2026-07-17,CUST-0171,JAKARTA,Fashion,64000,5,COD,4.0,9000
TG-100148,2026-07-10,CUST-0019,,Makanan,132500,4,COD,4.0,12000
TG-100188,2026-07-13,CUST-0014,Makassar,Fashion,113500,1,ewallet,,18000
TG-100596,14/08/2026,CUST-0248,Medan,Makanan,51000,4,E-Wallet,5.0,22000
TG-100847,04/09/2026,CUST-0031,Bandung,Fashion,298500,2,Transfer Bank,4.0,22000
TG-100448,2026-08-03,CUST-0190,Bandung,Kecantikan,95500,2,COD,4.0,18000
TG-100997,15/09/2026,CUST-0127,Bandung,Fashion,160000,2,Transfer Bank,4.0,18000
TG-101047,2026-09-18,CUST-0087,Bandung,Rumah Tangga,224500,1,E-Wallet,,12000
TG-100292,2026-07-21,CUST-0496,Jakarta,Kecantikan,55000,4,E-Wallet,3.0,9000
TG-100385,29/07/2026,CUST-0027,Medan,Makanan,Rp 66.500,2,Kartu Kredit,4.0,22000
TG-100226,15/07/2026,CUST-0125,Surabaya,Fashion,183000,1,E-Wallet,3.0,18000
TG-100445,02/08/2026,CUST-0140,Makassar,Fashion,203500,1,Transfer Bank,3.0,12000
TG-100872,2026-09-06,CUST-0510,Jakarta,Fashion,76500,3,E-Wallet,2.0,9000
TG-100719,24/08/2026,CUST-0319,surabaya,Rumah Tangga,195000,1,Transfer Bank,5.0,18000
TG-100880,2026-09-06,CUST-0208,Bandung,Makanan,46500,1,Kartu Kredit,5.0,12000
TG-100958,2026-09-12,CUST-0387,Medan,Fashion,201000,4,E-Wallet,4.0,12000
TG-100318,2026-07-23,CUST-0096,Makassar,Fashion,Rp 168.500,1,E-Wallet,5.0,12000
TG-100507,07/08/2026,CUST-0309,Surabaya,Fashion,123500,2,Transfer Bank,4.0,18000
TG-100212,2026-07-14,CUST-0041,jkt,Makanan,Rp 25.000,1,Transfer Bank,3.0,9000
TG-100156,2026-07-11,CUST-0442,JAKARTA,Makanan,Rp 76.000,1,COD,4.0,9000
TG-100493,06/08/2026,CUST-0119,Jakarta,Fashion,133500,3,Transfer Bank,5.0,9000
TG-100953,12/09/2026,CUST-0131,Makassar,Fashion,155500,1,COD,4.0,18000
TG-100603,2026-08-14,CUST-0343,Makassar,Rumah Tangga,248000,3,Transfer Bank,,18000
TG-100305,2026-07-22,CUST-0012,Makassar,Fashion,Rp 202.000,2,E-Wallet,5.0,18000
TG-100194,2026-07-13,CUST-0426,Makassar,Makanan,122500,1,Transfer Bank,4.0,22000
TG-101180,2026-09-29,CUST-0340,Makassar,Fashion,198000,1,E-WALLET,3.0,12000
TG-100506,2026-08-07,CUST-0276,Makassar,Makanan,117500,1,Transfer Bank,5.0,18000
TG-100252,2026-07-17,CUST-0127,Jakarta,Kecantikan,68500,1,E-Wallet,4.0,9000
TG-101022,17/09/2026,CUST-0338,Jakarta ,Fashion,106500,3,E-Wallet,5.0,9000
TG-100612,2026-08-15,CUST-0009,Bandung,Rumah Tangga,317500,1,,3.0,22000
TG-100280,2026-07-19,CUST-0290,Jakarta,Kecantikan,117500,1,COD,4.0,9000
TG-100745,2026-08-26,CUST-0340,Medan,Fashion,200000,1,Transfer Bank,5.0,12000
TG-100165,2026-07-11,CUST-0508,Bandung,Elektronik,169000,1,Transfer Bank,5.0,12000
TG-101190,2026-09-30,CUST-0015,bdg,Fashion,Rp 191.500,1,COD,4.0,22000
TG-100885,2026-09-07,CUST-0109,Surabaya,Fashion,89000,1,Kartu Kredit,5.0,12000
TG-100841,2026-09-03,CUST-0339,Surabaya,Makanan,Rp 97.500,1,E-Wallet,3.0,18000
TG-100145,2026-07-10,CUST-0503,Makassar,Makanan,43500,1,COD,,18000
TG-100343,2026-07-25,CUST-0365,Medan,Fashion,Rp 239.500,2,Kartu Kredit,3.0,12000
TG-100740,2026-08-26,CUST-0359,Bandung,Fashion,157500,1,E-Wallet,3.0,22000
TG-100034,2026-07-02,CUST-0072,Bandung,Fashion,325500,2,Transfer Bank,3.0,22000
TG-100831,02/09/2026,CUST-0477,Jakarta,Makanan,102000,1,E-Wallet,3.0,9000
TG-100711,2026-08-23,CUST-0020,Jakarta,Fashion,255000,3,E-Wallet,4.0,9000
TG-101046,2026-09-18,CUST-0029,Jakarta,Kecantikan,Rp 147.500,5,COD,,9000
TG-100756,2026-08-27,CUST-0344,Surabaya,Rumah Tangga,59000,1,COD,5.0,15000
TG-100805,2026-08-31,CUST-0318,jkt,Makanan,94000,2,E-Wallet,5.0,9000
TG-101039,2026-09-18,CUST-0159,Jakarta,Kecantikan,91500,1,Transfer Bank,5.0,9000
TG-100967,2026-09-13,CUST-0469,Medan,Elektronik,Rp 1.640.500,1,E-Wallet,3.0,12000
TG-101072,2026-09-20,CUST-0122,Jakarta,Makanan,47500,4,Kartu Kredit,4.0,9000
TG-100117,2026-07-08,CUST-0470,Bandung,Kecantikan,38500,1,E-Wallet,4.0,22000
TG-100914,09/09/2026,CUST-0427,Jakarta,Fashion,Rp 86.000,5,Transfer Bank,5.0,9000
TG-100334,24/07/2026,CUST-0149,Makassar,Rumah Tangga,Rp 134.500,3,E-Wallet,5.0,15000
TG-100654,18/08/2026,CUST-0413,Makassar,Makanan,28500,1,E-Wallet,5.0,15000
TG-100474,05/08/2026,CUST-0097,Jakarta,Kecantikan,Rp 58.500,5,E-Wallet,5.0,9000
TG-100403,2026-07-30,CUST-0358,Makassar,Fashion,100500,1,E-Wallet,5.0,22000
TG-100655,2026-08-18,CUST-0114,Bandung,Elektronik,607000,1,COD,4.0,12000
TG-100061,04/07/2026,CUST-0472,Jakarta,Elektronik,1848000,2,E-Wallet,4.0,9000
TG-100123,2026-07-08,CUST-0480,Makassar,Kecantikan,114000,1,E-Wallet,5.0,12000
TG-100627,2026-08-16,CUST-0101,Bandung,Fashion,497000,5,E-Wallet,,15000
TG-100184,2026-07-12,CUST-0253,Bandung,Kecantikan,69000,4,COD,5.0,18000
TG-100029,02/07/2026,CUST-0033,Jakarta,Makanan,38500,1,COD,,9000
TG-101041,18/09/2026,CUST-0375,Jakarta,Rumah Tangga,119000,1,E-Wallet,5.0,9000
TG-100758,2026-08-27,CUST-0220,Bandung,Elektronik,1154000,1,cod,3.0,12000
TG-100903,2026-09-08,CUST-0505,Surabaya,Rumah Tangga,52000,2,Transfer Bank,4.0,22000
TG-100497,2026-08-07,CUST-0094,Bandung,Kecantikan,86000,5,Kartu Kredit,4.0,15000
TG-100787,2026-08-30,CUST-0439,Makassar,Rumah Tangga,76500,1,Transfer Bank,4.0,12000
TG-100555,2026-08-11,CUST-0252,Jakarta,Makanan,61000,1,E-WALLET,3.0,9000
TG-100411,2026-07-31,CUST-0232,Jakarta,Rumah Tangga,209000,2,e-wallet,4.0,9000
TG-100402,2026-07-30,CUST-0007,Medan,Elektronik,929500,-1,E-Wallet,3.0,12000
TG-101080,2026-09-21,CUST-0081,SURABAYA,Fashion,72500,1,E-Wallet,5.0,15000
TG-100208,14/07/2026,CUST-0279,Jakarta,Fashion,85000,1,E-Wallet,4.0,9000
TG-100315,2026-07-23,CUST-0195,Surabaya,Rumah Tangga,147000,1,E-Wallet,4.0,22000
TG-100261,2026-07-18,CUST-0371,medan ,Elektronik,1056000,1,Transfer Bank,5.0,12000
TG-100154,2026-07-11,CUST-0244,Makassar,Makanan,90000,36,Transfer Bank,,18000
TG-100842,2026-09-04,CUST-0182,Bandung,Fashion,98500,4,E-Wallet,5.0,18000
TG-100367,2026-07-27,CUST-0474,Makassar,Makanan,59500,4,Transfer Bank,5.0,15000
TG-100161,2026-07-11,CUST-0491,Jakarta,Rumah Tangga,450000,2,COD,5.0,9000
TG-101064,20/09/2026,CUST-0148,Jakarta,Kecantikan,28500,2,Kartu Kredit,3.0,9000
TG-100826,2026-09-02,CUST-0377,Bandung,Kecantikan,69500,5,E-Wallet,5.0,12000
TG-100127,2026-07-09,CUST-0307,Medan,Fashion,168500,1,Transfer Bank,4.0,12000
TG-100630,2026-08-16,CUST-0094,Jakarta,Rumah Tangga,133000,1,Transfer Bank,4.0,9000
TG-100940,11/09/2026,CUST-0355,Jakarta,Kecantikan,475000,1,E-Wallet,3.0,9000
TG-100998,15/09/2026,CUST-0171,Surabaya,Rumah Tangga,Rp 255.500,1,E-Wallet,5.0,12000
TG-100027,2026-07-02,CUST-0240,Bandung,Elektronik,671500,1,COD,2.0,18000
TG-100532,2026-08-10,CUST-0011,Medan,Rumah Tangga,201000,1,E-Wallet,4.0,22000
TG-100843,2026-09-04,CUST-0428,Jakarta,Kecantikan,102500,1,E-Wallet,4.0,9000
TG-100014,01/07/2026,CUST-0030,Jakarta,Fashion,120000,1,COD,5.0,9000
TG-100214,2026-07-15,CUST-0228,Surabaya,Rumah Tangga,50500,1,E-Wallet,4.0,22000
TG-100549,11/08/2026,CUST-0164,,Makanan,89000,1,,4.0,22000
TG-100222,2026-07-15,CUST-0190,Bandung,Makanan,60500,1,E-Wallet,4.0,22000
TG-100863,05/09/2026,CUST-0374,Medan,Rumah Tangga,137500,1,transfer,5.0,22000
TG-100964,13/09/2026,CUST-0001,Jakarta,Fashion,250000,1,COD,3.0,9000
TG-100093,2026-07-06,CUST-0189,Medan,Elektronik,718000,2,Transfer Bank,4.0,15000
TG-101119,2026-09-24,CUST-0287,Jakarta,Rumah Tangga,Rp 76.000,1,,3.0,9000
TG-101193,2026-09-30,CUST-0047,Surabaya,Kecantikan,111000,3,E-Wallet,5.0,18000
TG-101101,2026-09-23,CUST-0344,Jakarta,Elektronik,415000,1,E-Wallet,4.0,9000
TG-100460,2026-08-04,CUST-0269,Jakarta,Kecantikan,80000,1,E-Wallet,,9000
TG-100779,2026-08-29,CUST-0118,Makassar,Elektronik,886500,1,Transfer Bank,5.0,12000
TG-101031,17/09/2026,CUST-0266,Surabaya,Kecantikan,83500,3,COD,4.0,12000
TG-100232,16/07/2026,CUST-0187,Jakarta,Fashion,269000,2,Transfer Bank,4.0,9000
TG-100508,2026-08-07,CUST-0385,Jakarta,Kecantikan,123000,1,E-Wallet,4.0,9000
TG-100301,2026-07-22,CUST-0221,Jakarta,Fashion,220000,1,E-Wallet,4.0,9000
TG-100290,21/07/2026,CUST-0322,Bandung,Elektronik,Rp 455.000,1,E-Wallet,5.0,12000
TG-100017,01/07/2026,CUST-0161,Makassar,Elektronik,2592000,1,COD,4.0,12000
TG-100949,11/09/2026,CUST-0277,Jakarta,Rumah Tangga,106000,1,E-Wallet,5.0,9000
TG-100884,2026-09-07,CUST-0502,Makassar,Rumah Tangga,112000,1,E-Wallet,4.0,12000
TG-101060,2026-09-19,CUST-0017,Jakarta ,Elektronik,1046000,2,COD,3.0,9000
TG-100405,30/07/2026,CUST-0265,Jakarta,Makanan,76500,2,E-Wallet,3.0,9000
TG-100679,2026-08-20,CUST-0049,Surabaya,Rumah Tangga,Rp 101.500,1,COD,4.0,12000
TG-100100,2026-07-07,CUST-0309,Jakarta,Elektronik,1049500,1,E-Wallet,,9000
TG-100777,2026-08-29,CUST-0242,Bandung,Kecantikan,145500,3,Kartu Kredit,4.0,18000
TG-100634,2026-08-17,CUST-0534,Makassar,Fashion,170500,2,Transfer Bank,3.0,22000
TG-100512,2026-08-08,CUST-0050,Medan,Makanan,Rp 39.000,1,Kartu Kredit,3.0,18000
TG-100714,2026-08-23,CUST-0483,Bandung,Kecantikan,105000,4,Transfer Bank,3.0,12000
TG-100800,31/08/2026,CUST-0355,Surabaya,Elektronik,1254000,1,kartu kredit,,22000
TG-100205,2026-07-14,CUST-0513,Jakarta,Kecantikan,95500,1,Kartu Kredit,4.0,9000
TG-100353,2026-07-26,CUST-0117,Bandung,Kecantikan,72000,1,E-Wallet,5.0,18000
TG-100157,2026-07-11,CUST-0420,Jakarta,Makanan,67500,4,E-Wallet,5.0,9000
TG-100576,2026-08-12,CUST-0188,Jakarta,Elektronik,513500,1,COD,4.0,9000
TG-101082,2026-09-21,CUST-0038,Medan,Fashion,128500,2,Transfer Bank,5.0,22000
TG-100922,2026-09-09,CUST-0161,Bandung,Fashion,101000,2,Kartu Kredit,4.0,18000
TG-100523,2026-08-09,CUST-0055,Jakarta,Fashion,184000,1,Transfer Bank,5.0,9000
TG-100498,2026-08-07,CUST-0211,Bandung,Fashion,Rp 102.000,2,Transfer Bank,5.0,12000
TG-101094,2026-09-22,CUST-0374,Jakarta,Fashion,91000,1,Kartu Kredit,,9000
TG-100768,2026-08-28,CUST-0347,Jakarta ,Makanan,34500,1,Transfer Bank,5.0,9000
TG-100209,14/07/2026,CUST-0523,Bandung,Fashion,91000,1,CC,3.0,22000
TG-100802,2026-08-31,CUST-0266,Makassar,Elektronik,Rp 437.500,1,COD,3.0,15000
TG-100616,2026-08-15,CUST-0312,Jakarta,Kecantikan,155000,1,E-Wallet,5.0,9000
TG-100505,2026-08-07,CUST-0184,Medan,Fashion,256000,3,E-Wallet,4.0,15000
TG-100506,2026-08-07,CUST-0276,Makassar,Makanan,117500,1,Transfer Bank,5.0,18000
TG-100862,2026-09-05,CUST-0225,Jakarta,Elektronik,2302000,1,E-Wallet,3.0,9000
TG-100929,2026-09-10,CUST-0141,Medan,Elektronik,710000,1,COD,4.0,18000
TG-101144,2026-09-26,CUST-0400,Surabaya,Makanan,32500,1,E-Wallet,5.0,22000
TG-100366,27/07/2026,CUST-0037,Surabaya,Fashion,242000,3,Transfer Bank,4.0,15000
TG-100325,2026-07-24,CUST-0322,Jakarta,Kecantikan,156500,2,kartu kredit,5.0,9000
TG-100658,2026-08-19,CUST-0414,Bandung,Rumah Tangga,73500,1,Transfer Bank,,22000
TG-100203,2026-07-14,CUST-0129,Makassar,Makanan,Rp 45.000,2,Cod,5.0,22000
TG-100131,2026-07-09,CUST-0163,Makassar,Elektronik,301000,1,E-Wallet,4.0,12000
TG-100519,2026-08-08,CUST-0481,Jakarta,Rumah Tangga,330500,3,E-Wallet,5.0,9000
TG-101033,2026-09-18,CUST-0382,medan ,Elektronik,1891500,1,E-Wallet,3.0,12000
TG-101049,2026-09-18,CUST-0471,Surabaya,Kecantikan,121500,1,E-Wallet,4.0,15000
TG-100684,2026-08-21,CUST-0384,Surabaya,Kecantikan,47500,1,Transfer Bank,3.0,18000
TG-101166,28/09/2026,CUST-0178,Medan,Kecantikan,117500,4,COD,4.0,15000
TG-100710,23/08/2026,CUST-0065,Makassar,Fashion,92500,2,COD,3.0,12000
TG-100631,2026-08-16,CUST-0361,Makassar,Rumah Tangga,284000,1,E-Wallet,5.0,18000
TG-100578,2026-08-13,CUST-0095,BANDUNG,Fashion,119500,1,E-Wallet,4.0,12000
TG-101181,2026-09-29,CUST-0172,Surabaya,Rumah Tangga,174000,1,E-Wallet,5.0,18000
TG-101168,2026-09-28,CUST-0044,SURABAYA,Kecantikan,93500,1,E-Wallet,4.0,18000
TG-101087,2026-09-22,CUST-0015,Jakarta,Rumah Tangga,107500,1,E-Wallet,4.0,9000
TG-100021,2026-07-02,CUST-0259,Jakarta,Fashion,94000,1,E-Wallet,4.0,9000
TG-101093,22/09/2026,CUST-0124,,Kecantikan,215000,3,E-Wallet,,9000
TG-101198,30/09/2026,CUST-0229,medan ,Rumah Tangga,90500,2,E-Wallet,4.0,15000
TG-100071,2026-07-05,CUST-0411,Surabaya,Kecantikan,46000,2,COD,3.0,15000
TG-100869,2026-09-06,CUST-0221,Bandung,Kecantikan,57000,1,E-Wallet,4.0,15000
TG-100016,2026-07-01,CUST-0014,Jakarta,Fashion,183500,2,Transfer Bank,,9000
TG-100675,20/08/2026,CUST-0295,Medan,Fashion,228500,1,Kartu Kredit,5.0,12000
TG-100875,2026-09-06,CUST-0186,Jakarta,Makanan,46500,1,COD,4.0,9000
TG-100961,2026-09-13,CUST-0301,Bandung,Fashion,298000,1,E-Wallet,4.0,22000
TG-100799,2026-08-31,CUST-0518,Bandung,Makanan,50000,3,E-Wallet,4.0,22000
TG-100683,21/08/2026,CUST-0054,Jakarta,Fashion,102000,1,E-Wallet,4.0,9000
TG-100538,2026-08-10,CUST-0321,Makassar,Elektronik,450500,1,COD,3.0,18000
TG-100229,2026-07-15,CUST-0423,Bandung,Fashion,132500,5,Kartu Kredit,4.0,12000
TG-100564,2026-08-12,CUST-0020,SURABAYA,Kecantikan,66000,1,ewallet,5.0,12000
TG-100871,2026-09-06,CUST-0299,surabaya,Rumah Tangga,92000,2,Transfer Bank,4.0,22000
TG-100896,2026-09-08,CUST-0255,Makassar,Elektronik,1578500,2,Kartu Kredit,4.0,22000
TG-101191,2026-09-30,CUST-0469,Bandung,Elektronik,1366500,1,E-Wallet,3.0,22000
TG-100563,2026-08-12,CUST-0483,Jakarta,Makanan,69000,4,E-Wallet,5.0,9000
TG-101097,2026-09-23,CUST-0080,Jakarta,Rumah Tangga,140000,5,Kartu Kredit,4.0,9000
TG-101195,30/09/2026,CUST-0455,Surabaya,Rumah Tangga,182500,2,E-Wallet,4.0,22000
TG-100905,2026-09-08,CUST-0157,Bandung,Makanan,48000,2,COD,4.0,22000
TG-101160,2026-09-27,CUST-0029,Jakarta,Kecantikan,134000,2,E-Wallet,4.0,9000
TG-100904,08/09/2026,CUST-0175,Jakarta,Kecantikan,113000,1,COD,5.0,9000
TG-101004,16/09/2026,CUST-0444,Makassar,Kecantikan,187000,1,Kartu Kredit,4.0,22000
TG-100356,2026-07-26,CUST-0016,Surabaya,Kecantikan,154000,2,cod,5.0,18000
TG-100516,2026-08-08,CUST-0161,Medan,Fashion,131500,2,Transfer Bank,2.0,15000
TG-100300,2026-07-21,CUST-0084,Makassar,Rumah Tangga,51500,1,Kartu Kredit,4.0,12000
TG-100554,2026-08-11,CUST-0282,jkt,Kecantikan,127500,2,Transfer Bank,4.0,9000
TG-101058,2026-09-19,CUST-0020,Bandung,Elektronik,1195000,1,COD,3.0,18000
TG-100320,2026-07-23,CUST-0056,Jakarta,Fashion,216500,1,E-Wallet,4.0,9000
TG-100636,2026-08-17,CUST-0244,Makassar,Makanan,Rp 43.500,4,Kartu Kredit,3.0,15000
TG-101184,2026-09-29,CUST-0371,Makassar ,Rumah Tangga,102000,4,E-Wallet,4.0,18000
TG-100147,2026-07-10,CUST-0467,,Fashion,167000,5,Transfer Bank,,18000
TG-100370,2026-07-27,CUST-0373,Medan,Makanan,93000,1,cod,4.0,15000
TG-100540,2026-08-10,CUST-0079,MEDAN,Fashion,45000,4,COD,5.0,15000
TG-100404,30/07/2026,CUST-0523,Makassar,Kecantikan,62500,1,E-Wallet,5.0,12000
TG-100310,2026-07-23,CUST-0053,Jakarta,Makanan,Rp 57.500,5,E-Wallet,,9000
TG-100396,2026-07-29,CUST-0051,,Fashion,211500,4,Transfer Bank,3.0,9000
TG-100524,09/08/2026,CUST-0240,,Kecantikan,98500,2,E-Wallet,4.0,15000
TG-100036,2026-07-03,CUST-0463,Surabaya,Kecantikan,100000,3,Transfer Bank,5.0,12000
TG-100625,2026-08-16,CUST-0264,Medan,Kecantikan,123000,2,Transfer Bank,4.0,12000
TG-100073,2026-07-05,CUST-0511,Bandung,Makanan,83000,1,E-Wallet,4.0,15000
TG-100947,2026-09-11,CUST-0150,Surabaya,Fashion,126500,1,COD,5.0,18000
TG-100617,15/08/2026,CUST-0350,Surabaya,Kecantikan,80000,1,Kartu Kredit,5.0,15000
TG-101174,2026-09-28,CUST-0084,Bandung,Fashion,221000,1,COD,3.0,12000
TG-100306,2026-07-22,CUST-0014,Surabaya,Fashion,Rp 237.000,1,COD,4.0,12000
TG-100583,2026-08-13,CUST-0069,Medan,Kecantikan,80500,4,E-Wallet,5.0,12000
TG-101153,26/09/2026,CUST-0139,Medan,Fashion,120000,2,COD,5.0,12000
TG-100015,2026-07-01,CUST-0442,Makassar,Kecantikan,90000,4,,4.0,15000
TG-100750,2026-08-27,CUST-0232,Jakarta,Makanan,110000,2,E-Wallet,4.0,9000
TG-100523,2026-08-09,CUST-0055,Jakarta,Fashion,184000,1,Transfer Bank,5.0,9000
TG-101109,2026-09-23,CUST-0121,Jakarta,Fashion,Rp 138.000,3,E-Wallet,4.0,9000
TG-100928,2026-09-10,CUST-0173,Makassar,Kecantikan,101500,1,E-Wallet,5.0,22000
TG-100855,05/09/2026,CUST-0301,Makassar,Elektronik,562500,1,COD,4.0,12000
TG-101100,2026-09-23,CUST-0495,Jakarta,Fashion,201000,1,Transfer Bank,5.0,9000
TG-100987,14/09/2026,CUST-0473,Surabaya,Rumah Tangga,126000,2,E-Wallet,,18000
TG-100781,2026-08-29,CUST-0526,Surabaya,Makanan,56500,5,Kartu Kredit,5.0,15000
TG-100569,2026-08-12,CUST-0246,Bandung,Fashion,151000,5,COD,2.0,12000
TG-100303,2026-07-22,CUST-0505,Jakarta,Fashion,311000,1,cod,3.0,9000
TG-100271,19/07/2026,CUST-0160,Surabaya,Kecantikan,59500,2,COD,3.0,15000
TG-100971,2026-09-13,CUST-0399,Jakarta,Fashion,208500,1,Transfer Bank,5.0,9000
TG-100651,2026-08-18,CUST-0207,Surabaya,Makanan,43500,5,E-Wallet,4.0,15000
TG-101134,2026-09-25,CUST-0530,Jakarta,Fashion,160000,4,E-Wallet,5.0,9000
TG-100879,2026-09-06,CUST-0007,Surabaya,Fashion,124000,1,Transfer Bank,5.0,18000
TG-100466,2026-08-04,CUST-0022,Makassar,Kecantikan,167000,4,,4.0,18000
TG-101151,2026-09-26,CUST-0191,Surabaya,Fashion,184000,1,transfer,5.0,22000
TG-101183,2026-09-29,CUST-0525,Jakarta,Fashion,131500,4,COD,5.0,9000
TG-101120,2026-09-24,CUST-0289,Makassar,Fashion,145500,1,E-Wallet,,22000
TG-101163,2026-09-27,CUST-0422,Bandung,Elektronik,454500,1,COD,4.0,12000
TG-101167,2026-09-28,CUST-0457,Surabaya,Fashion,119000,1,Transfer Bank,3.0,15000
TG-100079,2026-07-05,CUST-0366,Bandung,Fashion,292500,1,COD,5.0,18000
TG-100878,2026-09-06,CUST-0081,Surabaya,Elektronik,656000,1,COD,3.0,18000
TG-100529,09/08/2026,CUST-0394,Jakarta,Fashion,70000,3,E-Wallet,5.0,9000
TG-100978,2026-09-14,CUST-0038,Surabaya,Rumah Tangga,100000,2,E-Wallet,4.0,12000
TG-100718,2026-08-24,CUST-0286,Makassar,Kecantikan,225000,2,Kartu Kredit,,15000
TG-100033,2026-07-02,CUST-0326,Surabaya,Kecantikan,227000,2,Transfer Bank,,12000
TG-100171,2026-07-11,CUST-0105,Bandung,Kecantikan,121500,1,E-Wallet,4.0,18000
TG-100543,10/08/2026,CUST-0450,Makassar,Kecantikan,302000,1,E-Wallet,3.0,18000
TG-100281,2026-07-19,CUST-0187,Medan,Kecantikan,104000,3,COD,4.0,12000
TG-101196,2026-09-30,CUST-0419,Surabaya,Makanan,41500,5,E-Wallet,3.0,22000
TG-100577,2026-08-13,CUST-0320,Jakarta,Rumah Tangga,95500,1,COD,3.0,9000
TG-100951,2026-09-12,CUST-0277,Jakarta,Fashion,139500,5,Transfer Bank,4.0,9000
TG-100722,24/08/2026,CUST-0182,Makassar,Rumah Tangga,54500,2,E-Wallet,3.0,22000
TG-101149,2026-09-26,CUST-0321,Medan,Kecantikan,158500,2,E-Wallet,5.0,15000
TG-100380,28/07/2026,CUST-0438,Jakarta,Makanan,44500,3,E-Wallet,5.0,9000
TG-100211,2026-07-14,CUST-0258,Bandung,Kecantikan,81500,1,COD,4.0,22000
TG-100269,2026-07-19,CUST-0349,Jakarta,Elektronik,617000,2,Transfer Bank,3.0,9000
TG-100137,2026-07-09,CUST-0447,Bandung,Kecantikan,113500,1,COD,3.0,15000
TG-100064,05/07/2026,CUST-0449,Surabaya,Fashion,81500,1,Kartu Kredit,4.0,15000
TG-100503,07/08/2026,CUST-0515,SURABAYA,Rumah Tangga,Rp 188.500,1,E-Wallet,5.0,12000
TG-101129,25/09/2026,CUST-0277,Bandung,Fashion,261500,1,COD,4.0,22000
TG-100253,2026-07-17,CUST-0469,bandung,Rumah Tangga,78000,5,Kartu Kredit,3.0,18000
TG-100581,2026-08-13,CUST-0124,Surabaya,Makanan,43500,5,E-Wallet,5.0,22000
TG-100336,25/07/2026,CUST-0082,Medan,Elektronik,824500,1,COD,,18000
TG-100981,2026-09-14,CUST-0451,JAKARTA,Makanan,45500,1,E-Wallet,5.0,9000
TG-100346,2026-07-25,CUST-0051,Makassar,Elektronik,2461000,1,CC,3.0,15000
TG-100176,2026-07-12,CUST-0220,Makassar,Makanan,32500,1,E-Wallet,,22000
TG-100514,2026-08-08,CUST-0364,Jakarta,Rumah Tangga,69500,4,COD,5.0,9000
TG-101075,2026-09-21,CUST-0035,Bandung,Fashion,229500,1,E-Wallet,,15000
TG-100828,2026-09-02,CUST-0399,Surabaya,Makanan,80000,1,E-Wallet,4.0,15000
TG-101161,2026-09-27,CUST-0174,Medan,Elektronik,1084000,1,ewallet,,22000
TG-100256,2026-07-17,CUST-0490,Medan,Makanan,Rp 57.000,1,E-Wallet,4.0,15000
TG-100003,01/07/2026,CUST-0011,Jakarta,Fashion,149500,1,cod,2.0,9000
TG-101038,2026-09-18,CUST-0069,Makassar,Makanan,41000,2,Transfer Bank,4.0,18000
TG-100783,2026-08-29,CUST-0283,Makassar,Makanan,36500,1,E-Wallet,5.0,15000
TG-101105,2026-09-23,CUST-0539,Surabaya,Fashion,128000,1,E-Wallet,4.0,12000
TG-100316,23/07/2026,CUST-0318,Makassar,Kecantikan,156500,4,E-Wallet,5.0,18000
TG-100348,2026-07-25,CUST-0499,Jakarta,Kecantikan,105000,1,Transfer Bank,5.0,9000
TG-100465,2026-08-04,CUST-0394,Makassar,Rumah Tangga,122500,3,Transfer Bank,4.0,22000
TG-101065,20/09/2026,CUST-0171,Jakarta,Fashion,Rp 117.500,1,Transfer Bank,5.0,9000
TG-100673,2026-08-20,CUST-0432,Bandung,Makanan,46000,2,Kartu Kredit,5.0,12000
TG-100530,2026-08-09,CUST-0144,Jakarta,Rumah Tangga,127000,1,E-Wallet,,9000
TG-100877,2026-09-06,CUST-0476,Surabaya,Makanan,85500,2,E-Wallet,5.0,22000
TG-100606,14/08/2026,CUST-0121,Jakarta,Kecantikan,152000,2,Transfer Bank,4.0,9000
TG-100659,2026-08-19,CUST-0299,Makassar,Kecantikan,98000,1,Transfer Bank,5.0,22000
TG-100724,24/08/2026,CUST-0191,Jakarta,Kecantikan,98000,1,Transfer Bank,4.0,9000
TG-100098,2026-07-07,CUST-0166,Surabaya,Fashion,106000,1,COD,,15000
TG-100135,2026-07-09,CUST-0448,Bandung,Fashion,156000,4,COD,4.0,18000
TG-100230,2026-07-16,CUST-0525,Surabaya,Fashion,Rp 292.500,1,E-Wallet,4.0,15000
TG-100112,2026-07-08,CUST-0165,Makassar,Fashion,501500,3,E-Wallet,4.0,18000
TG-100026,2026-07-02,CUST-0162,Surabaya,Fashion,118000,1,E-Wallet,3.0,12000
TG-100664,2026-08-19,CUST-0164,Jakarta,Kecantikan,80000,1,E-Wallet,4.0,9000
TG-100921,2026-09-09,CUST-0102,Jakarta,Elektronik,1230000,2,E-Wallet,3.0,9000
TG-100609,2026-08-15,CUST-0235,Jakarta,Makanan,41500,2,E-Wallet,4.0,9000
TG-100479,2026-08-05,CUST-0038,Medan,Fashion,134500,2,E-Wallet,4.0,18000
TG-100732,25/08/2026,CUST-0135,Surabaya,Elektronik,Rp 681.500,1,E-Wallet,3.0,18000
TG-100661,2026-08-19,CUST-0252,Makassar,Fashion,90500,5,E-Wallet,5.0,15000
TG-100850,2026-09-04,CUST-0073,Jakarta,Rumah Tangga,201500,5,E-Wallet,4.0,9000
TG-100340,25/07/2026,CUST-0036,Surabaya,Rumah Tangga,117500,4,Transfer Bank,5.0,22000
TG-100633,2026-08-17,CUST-0271,Makassar ,Rumah Tangga,114500,1,e-wallet,5.0,22000
TG-100324,2026-07-23,CUST-0108,Jakarta,Fashion,182500,2,kartu kredit,4.0,9000
TG-100265,2026-07-19,CUST-0062,Medan,Rumah Tangga,33500,4,Transfer Bank,4.0,15000
TG-100832,2026-09-02,CUST-0123,Surabaya,Fashion,98500,3,COD,5.0,18000
TG-100834,03/09/2026,CUST-0281,MAKASSAR,Fashion,187500,-1,E-Wallet,5.0,15000
TG-100785,2026-08-30,CUST-0379,Jakarta,Fashion,182500,3,Transfer Bank,5.0,9000
TG-100833,2026-09-03,CUST-0399,Makassar,Fashion,136500,1,Transfer Bank,3.0,12000
TG-100377,2026-07-28,CUST-0174,Makassar,Rumah Tangga,Rp 103.500,2,E-WALLET,4.0,22000
TG-101006,2026-09-16,CUST-0295,Jakarta,Fashion,196500,1,E-Wallet,4.0,9000
TG-100376,2026-07-28,CUST-0085,,Makanan,64000,2,Transfer Bank,4.0,12000
TG-100767,28/08/2026,CUST-0274,Medan,Kecantikan,65500,1,Transfer Bank,,15000
TG-100020,02/07/2026,CUST-0325,,Fashion,138000,5,COD,4.0,15000
TG-100082,2026-07-05,CUST-0227,,Fashion,79500,1,Transfer Bank,5.0,9000
TG-100954,2026-09-12,CUST-0252,Bandung,Rumah Tangga,107000,1,E-Wallet,5.0,15000
TG-101104,2026-09-23,CUST-0029,Jakarta,Elektronik,672500,1,E-Wallet,4.0,9000
TG-100709,2026-08-23,CUST-0206,Bandung,Fashion,159500,2,E-Wallet,4.0,12000
TG-100242,2026-07-16,CUST-0107,Jakarta,Kecantikan,91500,4,E-Wallet,5.0,9000
TG-100478,2026-08-05,CUST-0092,Medan,Rumah Tangga,151000,1,,5.0,15000
TG-101118,2026-09-24,CUST-0109,Surabaya,Fashion,Rp 113.000,1,E-Wallet,5.0,12000
TG-100337,2026-07-25,CUST-0006,Medan,Rumah Tangga,389000,4,,5.0,18000
TG-100050,03/07/2026,CUST-0148,Jakarta,Kecantikan,87500,5,Transfer Bank,4.0,9000
TG-100322,2026-07-23,CUST-0201,Makassar,Kecantikan,169500,5,TRANSFER BANK,4.0,22000
TG-100371,2026-07-27,CUST-0089,Makassar,Makanan,49000,1,COD,5.0,22000
TG-100797,2026-08-31,CUST-0018,Surabaya,Kecantikan,169500,1,E-Wallet,4.0,22000
TG-100363,27/07/2026,CUST-0151,Makassar,Fashion,274500,5,Transfer Bank,5.0,15000
TG-100533,2026-08-10,CUST-0459,Jakarta,Fashion,195500,1,COD,4.0,9000
TG-100243,2026-07-16,CUST-0340,Jakarta ,Fashion,139500,3,E-Wallet,3.0,9000
TG-101122,2026-09-24,CUST-0495,Makassar,Fashion,174500,1,cod,4.0,22000
TG-100010,2026-07-01,CUST-0194,Jakarta,Kecantikan,90000,1,COD,3.0,9000
TG-101124,24/09/2026,CUST-0222,Makassar,Fashion,96000,1,COD,5.0,12000
TG-101076,2026-09-21,CUST-0283,Jakarta,Kecantikan,134500,1,COD,3.0,9000
TG-100499,2026-08-07,CUST-0203,Bandung,Rumah Tangga,82000,1,E-Wallet,4.0,22000
TG-101078,2026-09-21,CUST-0507,Makassar,Fashion,58500,2,E-Wallet,5.0,12000
TG-100870,2026-09-06,CUST-0071,Makassar,Rumah Tangga,159000,1,E-Wallet,5.0,22000
TG-100941,2026-09-11,CUST-0015,Jakarta,Kecantikan,127000,3,COD,5.0,9000
TG-100012,01/07/2026,CUST-0251,Jakarta ,Fashion,129000,2,TRANSFER BANK,5.0,9000
TG-100351,2026-07-26,CUST-0053,Surabaya,Fashion,211000,3,E-Wallet,4.0,12000
TG-100590,2026-08-13,CUST-0176,Jakarta,Makanan,49000,5,E-Wallet,5.0,9000
TG-100712,23/08/2026,CUST-0090,Bandung,Fashion,120500,1,Transfer Bank,,12000
TG-100771,2026-08-28,CUST-0405,Makassar,Fashion,249000,1,e-wallet,5.0,22000
TG-100169,11/07/2026,CUST-0100,MEDAN,Rumah Tangga,103500,1,E-Wallet,,12000
TG-100277,19/07/2026,CUST-0271,Bandung,Makanan,60500,4,E-Wallet,5.0,22000
TG-101179,2026-09-29,CUST-0246,Bandung,Rumah Tangga,165000,1,Transfer Bank,,15000
TG-100809,2026-09-01,CUST-0198,Bandung,Kecantikan,101000,1,E-Wallet,4.0,18000
TG-100065,05/07/2026,CUST-0539,Bandung,Elektronik,400000,1,E-Wallet,3.0,18000
TG-100688,2026-08-21,CUST-0485,Makassar,Fashion,Rp 965.000,5,E-Wallet,5.0,22000
TG-100002,2026-07-01,CUST-0289,Bandung,Kecantikan,119000,1,COD,,22000
TG-101067,2026-09-20,CUST-0275,Surabaya,Rumah Tangga,283500,1,E-Wallet,4.0,15000
TG-100912,09/09/2026,CUST-0089,bdg,Makanan,53000,24,COD,4.0,22000
TG-100442,2026-08-02,CUST-0230,,Kecantikan,126500,1,E-Wallet,4.0,18000
TG-100207,2026-07-14,CUST-0101,Medan,Fashion,130500,5,COD,5.0,22000
TG-100096,07/07/2026,CUST-0072,Jakarta,Fashion,296000,1,Transfer Bank,4.0,9000
TG-100427,01/08/2026,CUST-0030,Jakarta,Fashion,93000,1,E-Wallet,4.0,9000
TG-101056,2026-09-19,CUST-0301,Jakarta,Fashion,45500,1,E-Wallet,5.0,9000
TG-101120,2026-09-24,CUST-0289,Makassar,Fashion,145500,1,E-Wallet,,22000
TG-100215,15/07/2026,CUST-0309,Surabaya,Makanan,36500,3,COD,3.0,12000
TG-100584,13/08/2026,CUST-0444,,Fashion,497500,4,COD,4.0,15000
TG-100891,2026-09-07,CUST-0419,Medan,Elektronik,1288500,1,COD,3.0,15000
TG-100657,2026-08-19,CUST-0196,Makassar,Rumah Tangga,83000,3,Kartu Kredit,,12000
TG-101199,2026-09-30,CUST-0204,Surabaya,Elektronik,516000,2,Kartu Kredit,5.0,18000
TG-100468,2026-08-04,CUST-0299,,Kecantikan,153500,1,COD,4.0,18000
TG-100287,2026-07-20,CUST-0105,Bandung,Elektronik,Rp 475.000,2,COD,5.0,15000
TG-100798,2026-08-31,CUST-0190,Medan,Elektronik,1161000,1,COD,4.0,15000
TG-100704,2026-08-22,CUST-0246,Jakarta,Fashion,177500,1,COD,3.0,9000
TG-101010,2026-09-16,CUST-0439,Jakarta,Kecantikan,Rp 150.000,2,E-Wallet,5.0,9000
TG-101133,2026-09-25,CUST-0064,Surabaya,Makanan,68500,1,E-Wallet,4.0,22000
TG-100570,2026-08-12,CUST-0339,Makassar,Elektronik,643500,1,E-Wallet,3.0,18000
TG-100059,2026-07-04,CUST-0063,Jakarta,Kecantikan,76500,4,Transfer Bank,5.0,9000
TG-100297,2026-07-21,CUST-0076,Jakarta,Fashion,141500,5,COD,4.0,9000
TG-100085,2026-07-06,CUST-0219,Surabaya,Fashion,280500,1,Transfer Bank,5.0,12000
TG-100473,05/08/2026,CUST-0507,,Elektronik,Rp 1.200.500,1,E-Wallet,5.0,22000
TG-101080,2026-09-21,CUST-0081,SURABAYA,Fashion,72500,1,E-Wallet,5.0,15000
TG-100565,2026-08-12,CUST-0181,Makassar,Fashion,293500,4,E-Wallet,,22000
TG-100541,2026-08-10,CUST-0507,Jakarta,Rumah Tangga,118000,2,E-Wallet,3.0,9000
TG-100037,2026-07-03,CUST-0406,Surabaya,Rumah Tangga,106500,3,E-Wallet,5.0,12000
TG-100552,2026-08-11,CUST-0448,Bandung,Elektronik,712000,1,cod,4.0,12000
TG-101157,2026-09-27,CUST-0436,Makassar,Rumah Tangga,101500,1,E-Wallet,5.0,12000
TG-100393,2026-07-29,CUST-0240,Medan,Rumah Tangga,Rp 28.000,2,E-Wallet,5.0,12000
TG-100810,01/09/2026,CUST-0232,DKI Jakarta,Fashion,550000,2,E-Wallet,3.0,9000
TG-100736,2026-08-25,CUST-0472,Jakarta,Kecantikan,Rp 120.000,1,E-Wallet,3.0,9000
TG-101032,18/09/2026,CUST-0230,Surabaya,Makanan,40500,2,COD,4.0,15000
TG-101158,2026-09-27,CUST-0483,Jakarta,Elektronik,386000,2,E-Wallet,5.0,9000
TG-101128,2026-09-25,CUST-0533,Bandung,Fashion,99500,1,Transfer Bank,5.0,18000
TG-100801,31/08/2026,CUST-0298,Surabaya,Makanan,79000,3,COD,5.0,12000
TG-100052,2026-07-04,CUST-0239,Makassar,Rumah Tangga,196000,1,E-Wallet,4.0,18000
TG-100598,2026-08-14,CUST-0416,Surabaya,Fashion,163000,5,E-Wallet,5.0,18000
TG-101116,2026-09-24,CUST-0308,Medan,Makanan,55000,1,COD,4.0,12000
TG-100283,20/07/2026,CUST-0467,Surabaya,Elektronik,1191000,1,E-Wallet,5.0,12000
TG-101001,16/09/2026,CUST-0503,Medan,Rumah Tangga,167000,1,transfer,4.0,12000
TG-100456,2026-08-03,CUST-0455,Makassar,Fashion,166000,1,Kartu Kredit,3.0,22000
TG-100909,2026-09-09,CUST-0413,Jakarta,Fashion,83000,2,,5.0,9000
TG-100234,2026-07-16,CUST-0160,Medan,Fashion,151000,1,Transfer Bank,4.0,15000
TG-100567,2026-08-12,CUST-0435,Surabaya,Fashion,203000,4,E-Wallet,3.0,22000
TG-100419,2026-07-31,CUST-0072,Makassar,Fashion,137500,2,Kartu Kredit,5.0,18000
TG-100876,06/09/2026,CUST-0033,Jakarta,Makanan,52000,3,COD,4.0,9000
TG-100738,2026-08-25,CUST-0141,Surabaya,Makanan,35000,1,COD,3.0,12000
TG-100955,12/09/2026,CUST-0451,Jakarta,Makanan,35500,2,E-Wallet,3.0,9000
TG-100996,2026-09-15,CUST-0153,Makassar,Fashion,253000,1,Transfer Bank,4.0,12000
TG-100373,2026-07-27,CUST-0435,Surabaya,Elektronik,1097500,1,E-Wallet,4.0,12000
TG-100689,2026-08-21,CUST-0467,Makassar,Fashion,141000,1,COD,2.0,12000
TG-100224,2026-07-15,CUST-0019,Medan,Fashion,81500,1,COD,3.0,12000
TG-101000,2026-09-16,CUST-0022,Bandung,Kecantikan,100000,3,E-Wallet,2.0,22000
TG-100988,2026-09-15,CUST-0185,Jakarta,Makanan,62000,3,Transfer Bank,5.0,9000
TG-100550,2026-08-11,CUST-0172,Jakarta,Elektronik,854500,1,Transfer Bank,4.0,9000
TG-100451,2026-08-03,CUST-0053,Jakarta,Kecantikan,Rp 168.000,60,E-Wallet,4.0,9000
TG-100622,16/08/2026,CUST-0370,Makassar,Elektronik,983000,1,COD,4.0,12000
TG-101169,28/09/2026,CUST-0217,Jakarta,Elektronik,1153000,1,ewallet,4.0,9000
TG-100049,03/07/2026,CUST-0489,Medan,Elektronik,457500,1,COD,4.0,22000
TG-100233,16/07/2026,CUST-0513,Jakarta,Makanan,66500,5,Kartu Kredit,3.0,9000
TG-100281,2026-07-19,CUST-0187,Medan,Kecantikan,104000,3,COD,4.0,12000
TG-101011,2026-09-16,CUST-0063,Medan,Fashion,164500,2,COD,4.0,15000
TG-100263,2026-07-18,CUST-0160,Jakarta,Makanan,47000,3,transfer,5.0,9000
TG-100746,2026-08-26,CUST-0269,Makassar,Rumah Tangga,185500,1,E-Wallet,5.0,15000
TG-100453,03/08/2026,CUST-0280,SURABAYA,Kecantikan,81500,1,Transfer Bank,4.0,22000
TG-100413,2026-07-31,CUST-0510,Bandung,Fashion,124500,1,E-Wallet,4.0,22000
TG-100038,2026-07-03,CUST-0120,Makassar,Elektronik,758500,1,COD,,18000
TG-100030,2026-07-02,CUST-0007,Jakarta ,Makanan,Rp 54.500,4,COD,5.0,9000
TG-100046,2026-07-03,CUST-0068,Bandung,Fashion,160500,2,Transfer Bank,4.0,12000
TG-100700,2026-08-22,CUST-0483,Bandung,Makanan,64000,1,E-Wallet,5.0,15000
TG-100416,2026-07-31,CUST-0466,Surabaya,Makanan,62500,1,,4.0,22000
TG-100140,2026-07-09,CUST-0447,Bandung,Fashion,364500,3,E-Wallet,4.0,18000
TG-100150,2026-07-10,CUST-0509,Jakarta,Makanan,90500,1,E-Wallet,4.0,9000
TG-100968,2026-09-13,CUST-0385,JAKARTA,Makanan,57000,3,Kartu Kredit,4.0,9000
TG-100164,2026-07-11,CUST-0194,Surabaya,Kecantikan,76500,1,E-Wallet,5.0,18000
TG-100819,2026-09-02,CUST-0230,Jakarta,Fashion,84500,1,COD,5.0,9000
TG-100546,10/08/2026,CUST-0041,Surabaya,Kecantikan,112000,5,Transfer Bank,5.0,15000
TG-100816,01/09/2026,CUST-0189,Makassar,Makanan,99500,1,E-Wallet,5.0,12000
TG-100006,2026-07-01,CUST-0408,Makassar,Fashion,139500,1,E-Wallet,5.0,22000
TG-101024,2026-09-17,CUST-0226,Jakarta,Kecantikan,124000,4,Transfer Bank,4.0,9000
TG-100983,2026-09-14,CUST-0521,Surabaya,Rumah Tangga,182000,5,Transfer Bank,2.0,15000
TG-101112,2026-09-24,CUST-0452,Medan,Fashion,109000,2,ewallet,4.0,15000
TG-100488,06/08/2026,CUST-0141,Makassar,Fashion,131500,2,Transfer Bank,3.0,22000
TG-100293,21/07/2026,CUST-0152,Jakarta,Fashion,154000,1,e-wallet,3.0,9000
TG-100489,2026-08-06,CUST-0333,Bandung,Elektronik,1767500,2,Transfer Bank,4.0,22000
TG-100481,2026-08-05,CUST-0126,Medan,Fashion,168000,1,E-Wallet,3.0,15000
TG-100604,14/08/2026,CUST-0256,Medan,Fashion,119500,1,TRANSFER BANK,,12000
TG-100395,2026-07-29,CUST-0288,Surabaya,Kecantikan,47500,3,E-Wallet,3.0,22000
TG-100824,2026-09-02,CUST-0014,Bandung,Fashion,197000,1,E-Wallet,5.0,18000
TG-100784,2026-08-29,CUST-0492,Jakarta,Fashion,127500,1,COD,4.0,9000
TG-100364,2026-07-27,CUST-0019,Surabaya,Kecantikan,64000,3,COD,4.0,12000
TG-100556,11/08/2026,CUST-0037,Medan,Kecantikan,73500,1,E-Wallet,4.0,18000
TG-100490,06/08/2026,CUST-0243,Medan,Fashion,164500,2,Transfer Bank,4.0,22000
TG-100076,2026-07-05,CUST-0371,Jakarta,Elektronik,1139000,1,Transfer Bank,4.0,9000
TG-100069,2026-07-05,CUST-0364,,Kecantikan,83000,1,COD,4.0,18000
TG-100858,05/09/2026,CUST-0406,Surabaya,Kecantikan,90000,1,ewallet,5.0,22000
TG-101090,22/09/2026,CUST-0212,mks,Rumah Tangga,150500,-2,Cod,5.0,12000
TG-100874,06/09/2026,CUST-0176,Jakarta,Elektronik,1045500,1,Kartu Kredit,4.0,9000
TG-100005,2026-07-01,CUST-0337,Medan,Fashion,191000,1,E-Wallet,3.0,22000
TG-100262,2026-07-18,CUST-0482,Makassar,Makanan,63000,1,E-Wallet,4.0,15000
TG-100774,2026-08-28,CUST-0493,sby,Elektronik,905500,1,E-Wallet,4.0,22000
TG-100702,2026-08-22,CUST-0354,Medan,Fashion,318000,3,E-Wallet,5.0,12000
TG-101044,2026-09-18,CUST-0492,Bandung,Fashion,66000,1,Transfer Bank,5.0,12000
TG-101171,2026-09-28,CUST-0143,Jakarta,Elektronik,569500,1,E-Wallet,4.0,9000
TG-100769,28/08/2026,CUST-0225,Makassar,Elektronik,824000,1,E-Wallet,3.0,22000
TG-100747,2026-08-26,CUST-0447,Jakarta,Kecantikan,105000,2,E-Wallet,,9000
TG-100116,2026-07-08,CUST-0331,Medan,Makanan,73000,1,COD,4.0,18000
TG-100228,2026-07-15,CUST-0116,Bandung,Makanan,90000,2,Transfer Bank,5.0,12000
TG-100900,08/09/2026,CUST-0171,Surabaya,Rumah Tangga,100500,1,E-Wallet,4.0,12000
TG-100050,03/07/2026,CUST-0148,Jakarta,Kecantikan,87500,5,Transfer Bank,4.0,9000
TG-100092,06/07/2026,CUST-0044,Bandung,Kecantikan,157500,4,Kartu Kredit,4.0,18000
TG-100259,2026-07-18,CUST-0039,Jakarta,Rumah Tangga,95000,2,COD,3.0,9000
TG-100469,2026-08-04,CUST-0046,,Rumah Tangga,86000,1,E-Wallet,3.0,18000
TG-100615,2026-08-15,CUST-0508,Makassar,Makanan,73500,3,cod,4.0,15000
TG-100582,2026-08-13,CUST-0410,Makassar,Kecantikan,152500,1,COD,5.0,12000
TG-100329,2026-07-24,CUST-0165,Makassar,Fashion,206500,2,E-Wallet,5.0,22000
TG-100723,2026-08-24,CUST-0133,MAKASSAR,Kecantikan,112000,3,Kartu Kredit,5.0,15000
TG-100244,16/07/2026,CUST-0204,Surabaya,Rumah Tangga,135500,1,Kartu Kredit,5.0,12000
TG-100299,21/07/2026,CUST-0092,Makassar,Elektronik,710000,1,E-Wallet,3.0,22000
TG-100626,2026-08-16,CUST-0243,Jakarta,Elektronik,481000,1,Transfer Bank,4.0,9000
TG-100893,07/09/2026,CUST-0001,Jakarta,Fashion,286500,4,Cod,5.0,9000
TG-100067,05/07/2026,CUST-0074,Bandung,Makanan,68000,1,E-Wallet,3.0,12000
TG-100248,2026-07-17,CUST-0320,Surabaya,Elektronik,745500,1,COD,4.0,22000
TG-100313,2026-07-23,CUST-0268,,Fashion,370500,1,Transfer Bank,5.0,9000
TG-101111,2026-09-24,CUST-0009,Jakarta,Rumah Tangga,100500,5,E-Wallet,4.0,9000
TG-100607,14/08/2026,CUST-0504,Jakarta,Rumah Tangga,Rp 80.000,1,ewallet,5.0,9000
TG-100438,2026-08-02,CUST-0286,Medan,Rumah Tangga,193000,1,E-Wallet,4.0,15000
TG-100074,2026-07-05,CUST-0179,Bandung,Rumah Tangga,155500,3,Kartu Kredit,4.0,12000
TG-101162,27/09/2026,CUST-0365,mks,Kecantikan,58000,5,COD,3.0,22000
TG-100886,2026-09-07,CUST-0006,surabaya,Kecantikan,68000,3,COD,5.0,12000
TG-100338,2026-07-25,CUST-0195,Surabaya,Kecantikan,100000,4,COD,,12000
TG-100083,2026-07-05,CUST-0083,Makassar,Kecantikan,45500,1,E-Wallet,,18000
TG-100527,2026-08-09,CUST-0150,,Elektronik,624000,1,COD,3.0,9000
TG-100436,02/08/2026,CUST-0484,Bandung,Makanan,Rp 55.000,2,E-Wallet,4.0,12000
TG-100362,2026-07-27,CUST-0220,Makassar,Rumah Tangga,279000,3,E-Wallet,4.0,15000
TG-101194,2026-09-30,CUST-0482,Jakarta,Kecantikan,39500,1,E-WALLET,4.0,9000
TG-100461,2026-08-04,CUST-0536,Bandung,Kecantikan,79500,3,Transfer Bank,,22000
TG-100476,2026-08-05,CUST-0044,Jakarta,Kecantikan,58000,2,Kartu Kredit,5.0,9000
TG-100195,2026-07-13,CUST-0183,Makassar,Kecantikan,67000,1,Cod,5.0,22000
TG-100791,2026-08-30,CUST-0195,Medan,Rumah Tangga,98500,3,E-Wallet,5.0,12000
TG-100467,2026-08-04,CUST-0529,Medan,Kecantikan,108500,4,Transfer Bank,4.0,15000
TG-100973,13/09/2026,CUST-0518,bdg,Rumah Tangga,191500,1,Transfer Bank,5.0,18000
TG-100327,2026-07-24,CUST-0224,Jakarta,Fashion,Rp 108.500,1,E-Wallet,4.0,9000
TG-100765,2026-08-28,CUST-0303,Medan,Kecantikan,132500,5,transfer,3.0,18000
TG-100606,14/08/2026,CUST-0121,Jakarta,Kecantikan,152000,2,Transfer Bank,4.0,9000
TG-100919,2026-09-09,CUST-0171,Jakarta,Fashion,Rp 131.000,1,ewallet,5.0,9000
TG-100656,2026-08-18,CUST-0288,Jakarta,Elektronik,Rp 1.729.000,1,E-Wallet,5.0,9000
TG-100648,2026-08-18,CUST-0211,Jakarta,Rumah Tangga,78000,5,E-Wallet,3.0,9000
TG-100398,2026-07-30,CUST-0442,Surabaya,Makanan,74000,1,Transfer Bank,4.0,18000
TG-100975,2026-09-14,CUST-0093,sby,Kecantikan,79000,2,Kartu Kredit,3.0,22000
TG-100944,11/09/2026,CUST-0007,Jakarta,Kecantikan,142000,2,E-Wallet,4.0,9000
TG-100763,2026-08-28,CUST-0013,Jakarta,Makanan,49000,4,COD,3.0,9000
TG-100739,25/08/2026,CUST-0005,Makassar,Makanan,70000,2,E-Wallet,4.0,12000
TG-100084,2026-07-06,CUST-0344,Jakarta,Fashion,114000,1,E-Wallet,5.0,9000
TG-100173,12/07/2026,CUST-0168,MAKASSAR,Rumah Tangga,87000,2,E-Wallet,5.0,12000
TG-100355,26/07/2026,CUST-0002,Jakarta,Rumah Tangga,107500,4,Transfer Bank,4.0,9000
TG-100647,2026-08-18,CUST-0307,sby,Rumah Tangga,158500,3,E-Wallet,,18000
TG-100372,2026-07-27,CUST-0199,Jakarta,Kecantikan,62500,1,COD,,9000
TG-100446,2026-08-03,CUST-0264,Surabaya,Kecantikan,132000,2,COD,4.0,12000
TG-100481,2026-08-05,CUST-0126,Medan,Fashion,168000,1,E-Wallet,3.0,15000
TG-100381,28/07/2026,CUST-0459,Makassar,Makanan,65000,2,E-Wallet,5.0,22000
TG-100180,2026-07-12,CUST-0101,Jakarta,Fashion,208500,1,E-Wallet,5.0,9000
TG-100788,30/08/2026,CUST-0395,Makassar,Makanan,91000,2,COD,4.0,12000
TG-100813,01/09/2026,CUST-0358,Makassar,Fashion,Rp 123.000,2,COD,3.0,15000
TG-101054,2026-09-19,CUST-0417,Makassar,Rumah Tangga,76500,5,Transfer Bank,5.0,15000
TG-101036,18/09/2026,CUST-0428,Makassar,Fashion,151000,2,E-Wallet,,18000
TG-101034,2026-09-18,CUST-0456,Makassar,Makanan,63000,2,Transfer Bank,5.0,12000
TG-100571,12/08/2026,CUST-0169,Jakarta,Elektronik,1906500,1,E-Wallet,4.0,9000
TG-100146,10/07/2026,CUST-0201,Bandung,Fashion,58500,1,E-Wallet,4.0,22000
TG-100080,05/07/2026,CUST-0499,Medan,Kecantikan,Rp 118.000,1,e-wallet,5.0,22000
TG-100640,17/08/2026,CUST-0452,Jakarta,Rumah Tangga,59500,3,Transfer Bank,5.0,9000
TG-100384,2026-07-28,CUST-0242,Bandung,Fashion,115500,3,Transfer Bank,,18000
TG-100773,28/08/2026,CUST-0259,Jakarta,Rumah Tangga,39500,1,Transfer Bank,4.0,9000
TG-100477,2026-08-05,CUST-0206,Makassar,Makanan,73500,1,COD,5.0,15000
TG-100266,2026-07-19,CUST-0328,Bandung,Elektronik,481500,1,Transfer Bank,4.0,18000
TG-100040,2026-07-03,CUST-0155,Jakarta,Makanan,63000,2,E-Wallet,3.0,9000
TG-100697,2026-08-22,CUST-0073,Surabaya,Kecantikan,109500,1,COD,4.0,15000
TG-100170,11/07/2026,CUST-0103,Jakarta,Elektronik,633500,2,Kartu Kredit,4.0,9000
TG-100717,2026-08-24,CUST-0511,Bandung,Fashion,148500,1,Transfer Bank,4.0,12000
TG-100812,01/09/2026,CUST-0093,Bandung,Fashion,57500,5,Cod,4.0,18000
TG-100547,10/08/2026,CUST-0211,Makassar,Fashion,175000,2,transfer,5.0,15000
TG-100557,11/08/2026,CUST-0324,Bandung,Kecantikan,185500,3,COD,4.0,12000
TG-101077,2026-09-21,CUST-0350,Bandung,Elektronik,395500,1,Transfer Bank,2.0,22000
TG-100990,2026-09-15,CUST-0485,Jakarta,Rumah Tangga,Rp 119.500,4,Transfer Bank,4.0,9000
TG-100860,05/09/2026,CUST-0198,jkt,Rumah Tangga,66000,1,Transfer Bank,5.0,9000
TG-101130,2026-09-25,CUST-0007,Jakarta,Makanan,Rp 81.000,2,Transfer Bank,,9000
TG-100838,03/09/2026,CUST-0030,Jakarta,Fashion,111500,3,E-Wallet,2.0,9000
TG-100632,2026-08-16,CUST-0495,,Rumah Tangga,120000,60,E-Wallet,5.0,9000
TG-100681,21/08/2026,CUST-0050,Surabaya,Kecantikan,162000,-1,Transfer Bank,5.0,22000
TG-100424,2026-08-01,CUST-0008,Medan,Fashion,Rp 138.000,1,Transfer Bank,,15000
TG-100889,2026-09-07,CUST-0072,Makassar,Elektronik,355500,1,E-Wallet,4.0,15000
TG-101186,29/09/2026,CUST-0333,jkt,Kecantikan,87500,1,Transfer Bank,4.0,9000
TG-100808,2026-09-01,CUST-0093,Bandung,Fashion,128000,1,COD,4.0,22000
TG-100698,2026-08-22,CUST-0235,Jakarta,Kecantikan,127500,1,E-Wallet,4.0,9000
TG-100934,2026-09-10,CUST-0199,,Rumah Tangga,34000,1,E-Wallet,,15000
TG-101197,30/09/2026,CUST-0490,Makassar,Fashion,142500,2,COD,4.0,15000
TG-100096,07/07/2026,CUST-0072,Jakarta,Fashion,296000,1,Transfer Bank,4.0,9000
TG-100844,2026-09-04,CUST-0469,Medan,Makanan,56500,1,E-Wallet,4.0,22000
TG-100105,2026-07-07,CUST-0173,Jakarta,Fashion,248000,5,E-Wallet,4.0,9000
TG-100187,2026-07-13,CUST-0138,Makassar,Kecantikan,59500,1,,4.0,18000
TG-100669,2026-08-20,CUST-0275,Jakarta,Rumah Tangga,53000,2,E-Wallet,5.0,9000
TG-100568,2026-08-12,CUST-0405,Jakarta,Kecantikan,84000,2,COD,3.0,9000
TG-100674,2026-08-20,CUST-0474,Surabaya,Kecantikan,Rp 127.500,1,E-Wallet,3.0,18000
TG-100550,2026-08-11,CUST-0172,Jakarta,Elektronik,854500,1,Transfer Bank,4.0,9000
TG-100528,09/08/2026,CUST-0438,Bandung,Fashion,110500,5,E-Wallet,4.0,18000
TG-100268,2026-07-19,CUST-0376,Makassar,Rumah Tangga,87500,1,E-Wallet,,18000
TG-100575,2026-08-12,CUST-0442,Surabaya,Rumah Tangga,182500,1,COD,5.0,22000
TG-100174,12/07/2026,CUST-0376,Bandung,Fashion,234000,3,Transfer Bank,5.0,12000
TG-100047,2026-07-03,CUST-0258,Surabaya,Kecantikan,44000,2,COD,4.0,12000
TG-100063,2026-07-04,CUST-0456,Surabaya,Kecantikan,1220000,1,,4.0,22000
TG-100913,2026-09-09,CUST-0491,Makassar,Kecantikan,Rp 77.500,1,e-wallet,4.0,18000
TG-101141,2026-09-25,CUST-0044,Makassar ,Kecantikan,Rp 108.500,1,Kartu Kredit,5.0,12000
TG-101013,16/09/2026,CUST-0165,Bandung,Elektronik,731500,1,TRANSFER BANK,3.0,22000
TG-101043,2026-09-18,CUST-0458,Makassar,Elektronik,866500,1,COD,4.0,12000
TG-100531,2026-08-09,CUST-0227,Surabaya,Kecantikan,565000,4,COD,4.0,18000
TG-100164,2026-07-11,CUST-0194,Surabaya,Kecantikan,76500,1,E-Wallet,5.0,18000
TG-100690,2026-08-21,CUST-0233,Makassar,Kecantikan,88500,1,Cod,5.0,18000
TG-100264,2026-07-18,CUST-0143,Bandung,Elektronik,826500,1,COD,3.0,15000
TG-100426,2026-08-01,CUST-0324,Jakarta,Elektronik,1897500,1,Transfer Bank,3.0,9000
TG-101156,2026-09-27,CUST-0043,Makassar,Makanan,75000,2,E-Wallet,3.0,22000
TG-101170,28/09/2026,CUST-0393,Makassar,Fashion,164500,1,Cod,2.0,12000
TG-100764,2026-08-28,CUST-0098,Surabaya,Makanan,97000,3,Kartu Kredit,7.0,12000
TG-100899,2026-09-08,CUST-0095,Jakarta,Rumah Tangga,108500,1,transfer,4.0,9000
TG-100920,09/09/2026,CUST-0431,Makassar ,Makanan,54500,3,Transfer Bank,3.0,12000
TG-101165,2026-09-27,CUST-0501,Bandung,Elektronik,2091000,1,E-Wallet,5.0,12000
TG-100501,2026-08-07,CUST-0453,JAKARTA,Kecantikan,Rp 118.500,5,E-Wallet,5.0,9000
TG-100942,11/09/2026,CUST-0246,Jakarta,Rumah Tangga,198000,1,Transfer Bank,5.0,9000
TG-100422,01/08/2026,CUST-0170,Makassar,Elektronik,1368500,2,COD,3.0,12000
